m.name,type(r),n.name
福建,初中,28031
云南,初中,35667
新疆,初中,28405
全国,总人口,1411778724
16123,初中,天津
32294,初中,天津
17719,高中（含中专）,天津
26940,大学（大专及以上）,天津
11.29,15岁以上受教育年限,天津
21.66%,60岁及以上,天津
64.87%,15-59岁,天津
13.47%,0-14岁,天津
0.4847,女,天津
0.5153,男,天津
13866009,总人口,天津
19506,初中,山西
38950,初中,山西
16485,高中（含中专）,山西
17358,大学（大专及以上）,山西
10.45,15岁以上受教育年限,山西
18.93%,60岁及以上,山西
64.72%,15-59岁,山西
16.35%,0-14岁,山西
0.4901,女,山西
0.5099,男,山西
34915616,总人口,山西
23627,初中,内蒙古
33861,初中,内蒙古
14814,高中（含中专）,内蒙古
18688,大学（大专及以上）,内蒙古
10.08,15岁以上受教育年限,内蒙古
19.79%,60岁及以上,内蒙古
66.17%,15-59岁,内蒙古
14.04%,0-14岁,内蒙古
0.4896,女,内蒙古
0.5104,男,内蒙古
24049155,总人口,内蒙古
23693,初中,山东
35778,初中,山东
14334,高中（含中专）,山东
14384,大学（大专及以上）,山东
21829,外来人口,山东
20.90%,60岁及以上,山东
60.32%,15-59岁,山东
18.78%,0-14岁,山东
0.4934,女,山东
0.5066,男,山东
101527453,总人口,山东
海南,总人口,10081232
29808,初中,甘肃
27423,初中,甘肃
12937,高中（含中专）,甘肃
14506,大学（大专及以上）,甘肃
17.03%,60岁及以上,甘肃
63.57%,15-59岁,甘肃
19.40%,0-14岁,甘肃
0.4924,女,甘肃
0.5076,男,甘肃
25019831,总人口,甘肃
全省,总人口,5923957
青海,总人口,5923957
宁夏,总人口,7202654
全区,总人口,25852345
新疆,总人口,25852345
23561236,总人口,台湾
山西,男,0.5099
上海,男,0.5177
江苏,男,0.5073
河南,男,0.5015
甘肃,男,0.5076
山西,总人口,34915616
全省,总人口,61027171
安徽,总人口,61027171
27514,初中,江西
35501,初中,江西
15145,高中（含中专）,江西
11897,大学（大专及以上）,江西
16.87%,60岁及以上,江西
61.17%,15-59岁,江西
21.96%,0-14岁,江西
0.484,女,江西
0.516,男,江西
45188635,总人口,江西
湖北,总人口,57752557
广东,总人口,126012510
31921,初中,贵州
30464,初中,贵州
9951,高中（含中专）,贵州
10952,大学（大专及以上）,贵州
15.38%,60岁及以上,贵州
60.65%,15-59岁,贵州
23.97%,0-14岁,贵州
0.489,女,贵州
0.511,男,贵州
38562148,总人口,贵州
全省,总人口,47209277
云南,总人口,47209277
西藏,总人口,3648100
台湾,总人口,23561236
湖北,男,0.5142
内蒙古,女,0.4896
安徽,女,0.4903
陕西,女,0.4883
宁夏,高中（含中专）,13432
北京,总人口,21893095
24664,初中,河北
39950,初中,河北
13861,高中（含中专）,河北
12418,大学（大专及以上）,河北
9.84,15岁以上受教育年限,河北
19.86%,60岁及以上,河北
59.92%,15-59岁,河北
20.22%,0-14岁,河北
0.495,女,河北
0.505,男,河北
74610235,总人口,河北
21863,初中,上海
42793,初中,上海
15525,高中（含中专）,上海
14793,大学（大专及以上）,上海
11.81,15岁以上受教育年限,上海
163954,外来人口,上海
23.38%,60岁及以上,上海
66.82%,15-59岁,上海
9.80%,0-14岁,上海
0.4823,女,上海
0.5177,男,上海
24870895,总人口,上海
全  省,总人口,101527453
山东,总人口,101527453
全省,总人口,66444864
湖南,总人口,66444864
29894,初中,重庆
30582,初中,重庆
15956,高中（含中专）,重庆
15412,大学（大专及以上）,重庆
21.87%,60岁及以上,重庆
62.22%,15-59岁,重庆
15.91%,0-14岁,重庆
0.4945,女,重庆
0.5055,男,重庆
32054159,总人口,重庆
全省,总人口,25019831
甘肃,总人口,25019831
28405,初中,新疆
31559,初中,新疆
13208,高中（含中专）,新疆
16536,大学（大专及以上）,新疆
11.28%,60岁及以上,新疆
66.26%,15-59岁,新疆
22.46%,0-14岁,新疆
0.5166,男,新疆
25852345,总人口,新疆
澳门,总人口,683218
江西,男,0.516
湖南,男,0.5116
广西,男,0.517
青海,男,0.5121
全国,女,0.4876
北京,女,0.4886
山西,女,0.4901
地  区,初中,初中
地区,初中,初中
全国,初中,34507
全省,初中,42799
辽宁,初中,42799
浙江,初中,32706
全省,总人口,74610235
河北,总人口,74610235
全  省,总人口,42591407
辽宁,总人口,42591407
21863,初中,黑龙江
42793,初中,黑龙江
15525,高中（含中专）,黑龙江
14793,大学（大专及以上）,黑龙江
9.93,15岁以上受教育年限,黑龙江
23.22%,60岁及以上,黑龙江
66.46%,15-59岁,黑龙江
10.32%,0-14岁,黑龙江
0.4991,女,黑龙江
0.5009,男,黑龙江
31850088,总人口,黑龙江
26875,初中,安徽
33724,初中,安徽
13294,高中（含中专）,安徽
13280,大学（大专及以上）,安徽
18.80%,60岁及以上,安徽
61.96%,15-59岁,安徽
19.24%,0-14岁,安徽
0.4903,女,安徽
0.5097,男,安徽
61027171,总人口,安徽
全省,总人口,45188635
江西,总人口,45188635
25214,初中,广东
35636,初中,广东
17776,高中（含中专）,广东
12239,大学（大专及以上）,广东
418509,外来人口,广东
12.35%,60岁及以上,广东
68.80%,15-59岁,广东
18.85%,0-14岁,广东
0.4693,女,广东
0.5307,男,广东
126012510,总人口,广东
27855,初中,广西
36388,初中,广西
12962,高中（含中专）,广西
10806,大学（大专及以上）,广西
26043,外来人口,广西
16.68%,60岁及以上,广西
59.69%,15-59岁,广西
23.63%,0-14岁,广西
0.483,女,广西
0.517,男,广西
50126804,总人口,广西
重庆,总人口,32054159
21686,初中,陕西
33979,初中,陕西
15581,高中（含中专）,陕西
18397,大学（大专及以上）,陕西
19.21%,60岁及以上,陕西
63.46%,15-59岁,陕西
17.33%,0-14岁,陕西
0.4883,女,陕西
0.5117,男,陕西
39528999,总人口,陕西
2000000,总人口,现役军人
683218,总人口,澳门
重庆,男,0.5055
河北,女,0.495
上海,女,0.4823
浙江,女,0.4784
海南,女,0.4698
重庆,初中,30582
新疆,初中,31559
10503,初中,北京
23289,初中,北京
17593,高中（含中专）,北京
41980,大学（大专及以上）,北京
12.64,15岁以上受教育年限,北京
62812,外来人口,北京
19.63%,60岁及以上,北京
68.53%,15-59岁,北京
11.84%,0-14岁,北京
0.4886,女,北京
0.5114,男,北京
21893095,总人口,北京
全省,总人口,24049155
内蒙古,总人口,24049155
全省,总人口,24073453
吉林,总人口,24073453
上海,总人口,24870895
26384,初中,浙江
32706,初中,浙江
14555,高中（含中专）,浙江
16990,大学（大专及以上）,浙江
46189,外来人口,浙江
18.69%,60岁及以上,浙江
67.86%,15-59岁,浙江
13.45%,0-14岁,浙江
0.4784,女,浙江
0.5216,男,浙江
64567588,总人口,浙江
全  省,总人口,41540086
福建,总人口,41540086
全省,总人口,99365519
河南,总人口,99365519
25214,初中,湖南
35636,初中,湖南
17776,高中（含中专）,湖南
12239,大学（大专及以上）,湖南
19.88%,60岁及以上,湖南
60.60%,15-59岁,湖南
19.52%,0-14岁,湖南
0.4884,女,湖南
0.5116,男,湖南
66444864,总人口,湖南
32725,初中,青海
24344,初中,青海
10568,高中（含中专）,青海
14880,大学（大专及以上）,青海
12.15%,60岁及以上,青海
67.04%,15-59岁,青海
20.81%,0-14岁,青海
0.4879,女,青海
0.5121,男,青海
5923957,总人口,青海
全国,男,0.5124
北京,男,0.5114
安徽,男,0.5097
广东,男,0.5307
黑龙江,女,0.4991
宁夏,女,0.4906
全省,0-14岁,19.52%
　　全省,0-14岁,19.52%
湖南,0-14岁,19.52%
营口,15-59岁,63.35%
全国,15-59岁,63.35%
山西,15-59岁,64.72%
重庆,初中,29894
24767,初中,全国
34507,初中,全国
15088,高中（含中专）,全国
15467,大学（大专及以上）,全国
9.91,15岁以上受教育年限,全国
18.70%,60岁及以上,全国
63.35%,15-59岁,全国
17.95%,0-14岁,全国
0.4876,女,全国
0.5124,男,全国
1411778724,总人口,全国
18888,初中,辽宁
42799,初中,辽宁
14670,高中（含中专）,辽宁
18216,大学（大专及以上）,辽宁
10.34,15岁以上受教育年限,辽宁
20562,外来人口,辽宁
25.72%,60岁及以上,辽宁
63.16%,15-59岁,辽宁
11.12%,0-14岁,辽宁
0.5008,女,辽宁
0.4992,男,辽宁
42591407,总人口,辽宁
全省,总人口,31850088
黑龙江,总人口,31850088
23520,初中,湖北
34280,初中,湖北
17428,高中（含中专）,湖北
15502,大学（大专及以上）,湖北
20.43%,60岁及以上,湖北
63.26%,15-59岁,湖北
16.31%,0-14岁,湖北
0.4858,女,湖北
0.5142,男,湖北
57752557,总人口,湖北
广西,总人口,50126804
35667,初中,云南
29241,初中,云南
10338,高中（含中专）,云南
11601,大学（大专及以上）,云南
379281,外来人口,云南
14.91%,60岁及以上,云南
65.52%,15-59岁,云南
19.57%,0-14岁,云南
0.4827,女,云南
0.5173,男,云南
47209277,总人口,云南
现役军人,总人口,2000000
香港,总人口,7474200
河北,男,0.505
内蒙古,男,0.5104
贵州,男,0.511
新疆,男,0.5166
山东,女,0.4934
青海,女,0.4879
上海,0-14岁,9.80%
郴州,0-14岁,23.14%
全  省,0-14岁,23.14%
河南,0-14岁,23.14%
西藏,0-14岁,24.53%
全省,0-14岁,20.81%
青海,0-14岁,20.81%
天津,总人口,13866009
10.12,15岁以上受教育年限,吉林
25.25%,60岁及以上人口,吉林
63.81%,15-59岁,吉林
10.93%,0-14岁,吉林
3623713,总人口,吉林
22318,初中,吉林
38234,初中,吉林
17080,高中（含中专）,吉林
16738,大学（大专及以上）,吉林
10.17,15岁以上受教育年限,吉林
23.06%,60岁及以上,吉林
65.23%,15-59岁,吉林
11.71%,0-14岁,吉林
0.5008,女,吉林
0.4992,男,吉林
24073453,总人口,吉林
22742,初中,江苏
33308,初中,江苏
16191,高中（含中专）,江苏
18663,大学（大专及以上）,江苏
10.21,15岁以上受教育年限,江苏
58201,外来人口,江苏
21.84%,60岁及以上,江苏
62.95%,15-59岁,江苏
15.21%,0-14岁,江苏
0.4927,女,江苏
0.5073,男,江苏
84748016,总人口,江苏
19701,初中,海南
40174,初中,海南
15561,高中（含中专）,海南
13919,大学（大专及以上）,海南
14.65%,60岁及以上,
65.38%,15-59岁,海南
19.97%,0-14岁,海南
0.4698,女,海南
0.5302,男,海南
10081232,总人口,海南
全省,总人口,83674866
四川,总人口,83674866
全省,总人口,38562148
贵州,总人口,38562148
32108,初中,西藏
15757,初中,西藏
7051,高中（含中专）,西藏
11019,大学（大专及以上）,西藏
8.52%,60岁及以上,西藏
66.95%,15-59岁,西藏
24.53%,0-14岁,西藏
0.4755,女,西藏
0.5245,男,西藏
3648100,总人口,西藏
7474200,总人口,香港
天津,男,0.5153
山东,男,0.5066
云南,男,0.5173
陕西,男,0.5117
天津,女,0.4847
重庆,女,0.4945
云南,女,0.4827
全省,总人口,84748016
江苏,总人口,84748016
全 省,总人口,64567588
浙江,总人口,64567588
28031,初中,福建
32218,初中,福建
14212,高中（含中专）,福建
14148,大学（大专及以上）,福建
106248,外来人口,福建
15.98%,60岁及以上,福建
64.70%,15-59岁,福建
19.32%,0-14岁,福建
0.4832,女,福建
0.5168,男,福建
41540086,总人口,福建
24557,初中,河南
37518,初中,河南
15239,高中（含中专）,河南
11744,大学（大专及以上）,河南
18.07%,60岁及以上,河南
58.79%,15-59岁,河南
23.14%,0-14岁,河南
0.4985,女,河南
0.5015,男,河南
99365519,总人口,河南
31317,初中,四川
31443,初中,四川
13301,高中（含中专）,四川
13267,大学（大专及以上）,四川
21.71%,60岁及以上,四川
62.19%,15-59岁,四川
16.10%,0-14岁,四川
0.4946,女,四川
0.5054,男,四川
83674866,总人口,四川
全省,总人口,39528999
陕西,总人口,39528999
26111,初中,宁夏
29717,初中,宁夏
13432,高中（含中专）,宁夏
17340,大学（大专及以上）,宁夏
13.53%,60岁及以上,宁夏
66.09%,15-59岁,宁夏
20.38%,0-14岁,宁夏
0.4906,女,宁夏
0.5094,男,宁夏
7202654,总人口,宁夏
吉林,男,0.4992
辽宁,男,0.4992
黑龙江,男,0.5009
浙江,男,0.5216
福建,男,0.5168
海南,男,0.5302
四川,男,0.5054
西藏,男,0.5245
福建,女,0.4832
河南,女,0.4985
湖南,女,0.4884
西藏,女,0.4755
全省,0-14岁,11.12%
辽宁,0-14岁,11.12%
全  省,0-14岁,18.78%
山东,0-14岁,18.78%
宁夏,男,0.5094
江苏,女,0.4927
江西,女,0.484
广西,女,0.483
四川,女,0.4946
甘肃,女,0.4924
全国,0-14岁,17.95%
广西,0-14岁,23.63%
嘉峪关,0-14岁,15.91%
自治区直辖县级行政区划,0-14岁,15.91%
重庆,0-14岁,15.91%
全省,0-14岁,17.33%
博尔塔拉蒙古自治州,0-14岁,17.33%
陕西,0-14岁,17.33%
阿勒泰地区,0-14岁,20.38%
宁夏,0-14岁,20.38%
全区,0-14岁,22.46%
新疆,0-14岁,22.46%
全省,15-59岁,65.23%
吉林,15-59岁,65.23%
全省,15-59岁,60.65%
东莞,15-59岁,60.65%
咸宁,15-59岁,60.65%
贵州,15-59岁,60.65%
铜川,15-59岁,63.46%
全省,15-59岁,63.46%
陕西,15-59岁,63.46%
南平,0-14岁,18.07%
广东,外来人口,418509
汉中,初中,26940
厦门,15岁以上受教育年限,26940
天津,大学（大专及以上）,26940
庆阳,大学（大专及以上）,10338
云南,高中（含中专）,10338
吉林,女,0.5008
辽宁,女,0.5008
湖北,女,0.4858
广东,女,0.4693
河北,0-14岁,20.22%
黑龙江,0-14岁,10.32%
全省,0-14岁,15.21%
江苏,0-14岁,15.21%
全省,0-14岁,19.32%
福建,0-14岁,19.32%
天津,15-59岁,64.87%
全省,15-59岁,66.17%
泉州,15-59岁,66.17%
内蒙古,15-59岁,66.17%
海南,15-59岁,65.38%
宁夏,15-59岁,66.09%
北京,外来人口,62812
辽宁,外来人口,20562
杨凌,15岁以上受教育年限,11.81
上海,15岁以上受教育年限,11.81
贵州,女,0.489
北京,0-14岁,11.84%
江西,0-14岁,21.96%
全省,0-14岁,16.31%
湖北,0-14岁,16.31%
海南,0-14岁,19.97%
全  省,15-59岁,60.32%
山东,15-59岁,60.32%
全省,15-59岁,63.26%
湖北,15-59岁,63.26%
广东,15-59岁,68.80%
山东,外来人口,21829
鹰潭,15岁以上受教育年限,9.84
河北,15岁以上受教育年限,9.84
全国,大学（大专及以上）,15467
上海,大学（大专及以上）,14793
黑龙江,大学（大专及以上）,14793
全省,大学（大专及以上）,13280
安徽,大学（大专及以上）,13280
全省,大学（大专及以上）,10952
贵州,大学（大专及以上）,10952
吉林,高中（含中专）,17080
天津,0-14岁,13.47%
阿拉善盟,0-14岁,14.04%
全省,0-14岁,14.04%
内蒙古,0-14岁,14.04%
全省,0-14岁,11.71%
吉林,0-14岁,11.71%
浙江,0-14岁,13.45%
云南,0-14岁,19.57%
全省,0-14岁,19.40%
甘肃,0-14岁,19.40%
黑龙江,15-59岁,66.46%
全区,15-59岁,66.26%
新疆,15-59岁,66.26%
上海,外来人口,163954
江苏,外来人口,58201
广西,外来人口,26043
其他,外来人口,127067
自治区直辖县级行政区划,15岁以上受教育年限,10.34
全省,15岁以上受教育年限,10.34
辽宁,15岁以上受教育年限,10.34
株洲,15岁以上受教育年限,10.21
江苏,15岁以上受教育年限,10.21
山西,大学（大专及以上）,17358
江西,大学（大专及以上）,11897
山西,0-14岁,16.35%
全省,0-14岁,19.24%
安徽,0-14岁,19.24%
广东,0-14岁,18.85%
凉山彝族自治州,15-59岁,59.92%
河北,15-59岁,59.92%
全省,15-59岁,60.60%
湖南,15-59岁,60.60%
广西,15-59岁,59.69%
云南,15-59岁,65.52%
西藏,15-59岁,66.95%
天津,15岁以上受教育年限,11.29
黑龙江,15岁以上受教育年限,9.93
河北,大学（大专及以上）,12418
海南,大学（大专及以上）,13919
全省,大学（大专及以上）,13267
四川,大学（大专及以上）,13267
云南,大学（大专及以上）,11601
新疆,大学（大专及以上）,16536
北京,高中（含中专）,17593
浙江,高中（含中专）,14555
河南,高中（含中专）,15239
全省,0-14岁,16.10%
四川,0-14岁,16.10%
全省,0-14岁,23.97%
贵州,0-14岁,23.97%
北京,15-59岁,68.53%
雅安,15-59岁,63.16%
铁岭,15-59岁,63.16%
全省,15-59岁,63.16%
辽宁,15-59岁,63.16%
上海,15-59岁,66.82%
全省,15-59岁,61.96%
安徽,15-59岁,61.96%
全省,15-59岁,64.70%
福建,15-59岁,64.70%
天水,15-59岁,62.22%
重庆,15-59岁,62.22%
全省,15-59岁,67.04%
沈抚示范区,15-59岁,67.04%
青海,15-59岁,67.04%
云南,外来人口,379281
山西,15岁以上受教育年限,10.45
北京,大学（大专及以上）,41980
浙江,大学（大专及以上）,16990
全  省,大学（大专及以上）,14384
山东,大学（大专及以上）,14384
全省,15-59岁,62.95%
江苏,15-59岁,62.95%
河南,15-59岁,58.79%
浙江,外来人口,46189
梅河口,15岁以上受教育年限,9.91
  梅河口,15岁以上受教育年限,9.91
全国,15岁以上受教育年限,9.91
全省,15岁以上受教育年限,10.08
鞍山,15岁以上受教育年限,10.08
内蒙古,15岁以上受教育年限,10.08
全省,大学（大专及以上）,18216
辽宁,大学（大专及以上）,18216
江苏,大学（大专及以上）,18663
天津,高中（含中专）,17719
江苏,高中（含中专）,16191
抚顺,高中（含中专）,17428
湖北,高中（含中专）,17428
全省,高中（含中专）,15581
陕西,高中（含中专）,15581
青海,高中（含中专）,10568
河北,初中,39950
吉林,初中,38234
浙江,15-59岁,67.86%
丹东,15-59岁,61.17%
江西,15-59岁,61.17%
全省,15-59岁,62.19%
四川,15-59岁,62.19%
全省,15-59岁,63.57%
甘肃,15-59岁,63.57%
福建,外来人口,106248
127067,外来人口,其他
北京,15岁以上受教育年限,12.64
全省,15岁以上受教育年限,10.17
吉林,15岁以上受教育年限,10.17
地  区,大学（大专及以上）,大学（大专及以上）
地区,大学（大专及以上）,大学（大专及以上）
全省,大学（大专及以上）,18688
内蒙古,大学（大专及以上）,18688
西藏,大学（大专及以上）,11019
青海,大学（大专及以上）,14880
全省,高中（含中专）,14670
辽宁,高中（含中专）,14670
福建,高中（含中专）,14212
全省,高中（含中专）,13301
四川,高中（含中专）,13301
全  省,初中,35778
山东,初中,35778
海南,初中,40174
北京,初中,10503
吉林,大学（大专及以上）,16738
全省,15岁以上受教育年限,14148
福建,大学（大专及以上）,14148
广东,大学（大专及以上）,12239
湖南,大学（大专及以上）,12239
广西,大学（大专及以上）,10806
重庆,大学（大专及以上）,15412
全省,大学（大专及以上）,18397
陕西,大学（大专及以上）,18397
河北,高中（含中专）,13861
山西,高中（含中专）,16485
全省,高中（含中专）,13294
安徽,高中（含中专）,13294
重庆,高中（含中专）,15956
江西,初中,35501
全省,初中,30464
贵州,初中,30464
云南,初中,29241
全省,初中,33979
陕西,初中,33979
全省,初中,31317
四川,初中,31317
全省,初中,29808
甘肃,初中,29808
河南,大学（大专及以上）,11744
全省,高中（含中专）,14814
内蒙古,高中（含中专）,14814
全  省,高中（含中专）,14334
山东,高中（含中专）,14334
广东,高中（含中专）,17776
湖南,高中（含中专）,17776
海南,高中（含中专）,15561
全省,高中（含中专）,9951
贵州,高中（含中专）,9951
新疆,高中（含中专）,13208
北京,初中,23289
上海,初中,42793
黑龙江,初中,42793
广东,初中,35636
湖南,初中,35636
全省,初中,23627
内蒙古,初中,23627
江苏,初中,22742
浙江,初中,26384
全省,初中,31921
贵州,初中,31921
青海,初中,32725
湖北,大学（大专及以上）,15502
全省,大学（大专及以上）,14506
甘肃,大学（大专及以上）,14506
宁夏,大学（大专及以上）,17340
全国,高中（含中专）,15088
上海,高中（含中专）,15525
黑龙江,高中（含中专）,15525
江西,高中（含中专）,15145
西藏,高中（含中专）,7051
全省,高中（含中专）,12937
甘肃,高中（含中专）,12937
全省,初中,33861
内蒙古,初中,33861
河南,初中,37518
全国,初中,24767
天津,初中,16123
吉林,初中,22318
全省,初中,21686
陕西,初中,21686
广西,高中（含中专）,12962
天津,初中,32294
福建,初中,32218
广西,初中,36388
西藏,初中,15757
山西,初中,38950
湖北,初中,34280
全省,初中,31443
四川,初中,31443
宁夏,初中,29717
上海,初中,21863
黑龙江,初中,21863
全  省,初中,23693
山东,初中,23693
聊城,初中,27855
广西,初中,27855
江苏,初中,33308
全省,初中,33724
安徽,初中,33724
全省,初中,27423
甘肃,初中,27423
青海,初中,24344
山西,初中,19506
全省,初中,18888
辽宁,初中,18888
河南,初中,24557
湖北,初中,23520
广东,初中,25214
湖南,初中,25214
宁夏,初中,26111
河北,初中,24664
全省,初中,26875
安徽,初中,26875
江西,初中,27514
海南,初中,19701
西藏,初中,32108
济宁,总人口,8357897
芜湖,总人口,3644420
济南,初中,18621
济宁,初中,23305
临沂,初中,29981
27165,初中,蚌埠
35029,初中,蚌埠
12165,高中（含中专）,蚌埠
11592,大学（大专及以上）,蚌埠
9.19,15岁以上受教育年限,蚌埠
18.03%,60岁及以上,蚌埠
59.77%,15-59岁,蚌埠
22.21%,0-14岁,蚌埠
49.36,女,蚌埠
50.64,男,蚌埠
3296408,总人口,蚌埠
27120,初中,芜湖
29670,初中,芜湖
13576,高中（含中专）,芜湖
17336,大学（大专及以上）,芜湖
9.5,15岁以上受教育年限,芜湖
20.30%,60岁及以上,芜湖
65.17%,15-59岁,芜湖
14.54%,0-14岁,芜湖
48.72,女,芜湖
51.28,男,芜湖
3644420,总人口,芜湖
合肥,女,48.54
黄山,0-14岁,14.32%
合肥,15-59岁,68.22%
蚌埠,15-59岁,59.77%
黄山,15-59岁,61.58%
安庆,60岁及以上,21.50%
安庆,15岁以上受教育年限,9.18
池州,初中,29897
保定,总人口,9242610
18.01%,60岁及以上,#兰考县
55.14%,15-59岁,#兰考县
26.85%,0-14岁,#兰考县
49.77,女,#兰考县
50.23,男,#兰考县
777278,总人口,#兰考县
鹤壁,总人口,1565973
鹤壁市,总人口,1565973
漯河,总人口,2367490
漯河市,总人口,2367490
18621,初中,济南
28909,初中,济南
15810,高中（含中专）,济南
25931,大学（大专及以上）,济南
10.97,15岁以上受教育年限,济南
19.96   %,60岁及以上,济南
63.60   %,15-59岁,济南
16.44   %,0-14岁,济南
49.87,女,济南
50.13,男,济南
9202432,总人口,济南
泰安,总人口,5472217
滁州,大学（大专及以上）,12939
宣城,大学（大专及以上）,11309
安庆,大学（大专及以上）,12719
滁州,高中（含中专）,19128
六安,高中（含中专）,13638
马鞍山,高中（含中专）,13227
铜陵,高中（含中专）,14358
宿州,初中,25698
3136879,总人口,秦皇岛
黄山,总人口,1330565
定西,男,50.62
兴安盟,男,50.62
宿州,男,50.62
宜宾,女,48.88
亳州,女,48.88
十堰,女,48.52
怀化,女,48.52
滁州,女,48.52
马鞍山,0-14岁,14.35%
池州,0-14岁,15.58%
抚顺,15-59岁,60.21%
六安,15-59岁,60.21%
宣城,15-59岁,63.78%
安庆,15-59岁,61.81%
济南,总人口,9202432
青岛,总人口,10071722
24865,初中,德州
41182,初中,德州
13542,高中（含中专）,德州
9233,大学（大专及以上）,德州
9.34,15岁以上受教育年限,德州
20.73   %,60岁及以上,德州
59.81   %,15-59岁,德州
19.46   %,0-14岁,德州
49.72,女,德州
50.28,男,德州
5611194,总人口,德州
东营,男,50.4
蚌埠,男,50.64
烟台,男,50.64
滨州,女,49.34
全  省,女,49.34
赤峰,女,49.22
宜昌,女,49.22
全省,女,49.22
菏泽,女,49.22
临沂,0-14岁,23.46   %
菏泽,0-14岁,25.10   %
日照,15-59岁,59.21   %
烟台,60岁及以上,25.68   %
日照,15岁以上受教育年限,9.39
小学,初中,地  区
初中,初中,地  区
高中（含中专）,高中（含中专）,地  区
大学（大专及以上）,大学（大专及以上）,地  区
济宁,初中,38385
威海,初中,40356
潍坊,初中,22677
合肥,总人口,9369881
25698,初中,宿州
36824,初中,宿州
16690,高中（含中专）,宿州
9194,大学（大专及以上）,宿州
9.56,15岁以上受教育年限,宿州
18.15%,60岁及以上,宿州
58.31%,15-59岁,宿州
23.53%,0-14岁,宿州
49.38,女,宿州
50.62,男,宿州
5324476,总人口,宿州
26484,初中,马鞍山
32387,初中,马鞍山
13227,高中（含中专）,马鞍山
15157,大学（大专及以上）,马鞍山
9.27,15岁以上受教育年限,马鞍山
21.73%,60岁及以上,马鞍山
63.92%,15-59岁,马鞍山
14.35%,0-14岁,马鞍山
48.85,女,马鞍山
51.15,男,马鞍山
2159930,总人口,马鞍山
30145,初中,宣城
34218,初中,宣城
12140,高中（含中专）,宣城
11309,大学（大专及以上）,宣城
8.79,15岁以上受教育年限,宣城
22.59%,60岁及以上,宣城
63.78%,15-59岁,宣城
13.64%,0-14岁,宣城
48.61,女,宣城
51.39,男,宣城
2500063,总人口,宣城
18593,初中,青岛
32148,初中,青岛
17543,高中（含中专）,青岛
22551,大学（大专及以上）,青岛
10.83,15岁以上受教育年限,青岛
20.28   %,60岁及以上,青岛
64.31   %,15-59岁,青岛
15.41   %,0-14岁,青岛
49.04,女,青岛
50.96,男,青岛
10071722,总人口,青岛
赣州,男,51.32
郑州,男,51.32
枣庄,男,51.32
咸阳,男,50.85
日照,男,50.85
潍坊,男,50.85
济宁,男,50.83
咸阳,女,49.15
日照,女,49.15
潍坊,女,49.15
宿迁,女,49.53
威海,女,49.53
枣庄,0-14岁,22.48   %
日照,0-14岁,18.36   %
德州,0-14岁,19.46   %
济南,15-59岁,63.60   %
枣庄,15-59岁,58.97   %
济宁,60岁及以上,19.51   %
淄博,15岁以上受教育年限,10.39
济宁,15岁以上受教育年限,9.32
益阳,15岁以上受教育年限,9.31
聊城,15岁以上受教育年限,9.31
全  省,15岁以上受教育年限,9.24
松原,15岁以上受教育年限,9.24
  松原,15岁以上受教育年限,9.24
滨州,15岁以上受教育年限,9.24
青岛,高中（含中专）,17543
聊城,高中（含中专）,14370
青岛,初中,32148
德州,初中,41182
19704,初中,淄博
32786,初中,淄博
19054,高中（含中专）,淄博
18729,大学（大专及以上）,淄博
10.39,15岁以上受教育年限,淄博
23.24   %,60岁及以上,淄博
61.87   %,15-59岁,淄博
14.89   %,0-14岁,淄博
49.78,女,淄博
50.22,男,淄博
4704138,总人口,淄博
威海,总人口,2906548
滨州,男,50.66
全  省,男,50.66
常德,女,49.87
沈抚示范区,女,49.87
济南,女,49.87
泰安,15-59岁,60.57   %
临沂,15-59岁,56.91   %
淄博,60岁及以上,23.24   %
威海,60岁及以上,27.30   %
聊城,60岁及以上,18.96   %
烟台,15岁以上受教育年限,10.28
郴州,15岁以上受教育年限,9.58
泰安,15岁以上受教育年限,9.58
枣庄,大学（大专及以上）,10620
泰安,大学（大专及以上）,13107
德州,大学（大专及以上）,9233
菏泽,大学（大专及以上）,7087
淄博,高中（含中专）,19054
潍坊,高中（含中专）,14888
济宁,高中（含中专）,13368
临沂,初中,35057
泰安,初中,22852
淄博,总人口,4704138
马鞍山,60岁及以上,21.73%
东莞,15岁以上受教育年限,9.5
咸宁,15岁以上受教育年限,9.5
常德,15岁以上受教育年限,9.5
芜湖,15岁以上受教育年限,9.5
六安,大学（大专及以上）,9683
锡林郭勒盟,高中（含中专）,15157
马鞍山,大学（大专及以上）,15157
黄山,大学（大专及以上）,12892
铜陵,总人口,1311726
临夏州,女,49.94
淮北,女,49.94
兰州,女,48.62
常州,女,48.62
六安,女,48.62
马鞍山,女,48.85
亳州,0-14岁,25.61%
安庆,0-14岁,16.68%
辽源,15-59岁,63.89%
  辽源,15-59岁,63.89%
滁州,15-59岁,63.89%
芜湖,15-59岁,65.17%
合肥,60岁及以上,15.26%
全省,15岁以上受教育年限,9.35
德阳,15岁以上受教育年限,8.98
六安,15岁以上受教育年限,8.98
合肥,大学（大专及以上）,26390
阜阳,大学（大专及以上）,6853
铜陵,大学（大专及以上）,15427
26967,初中,枣庄
35333,初中,枣庄
13729,高中（含中专）,枣庄
10620,大学（大专及以上）,枣庄
9.27,15岁以上受教育年限,枣庄
18.55   %,60岁及以上,枣庄
58.97   %,15-59岁,枣庄
22.48   %,0-14岁,枣庄
48.68,女,枣庄
51.32,男,枣庄
3855601,总人口,枣庄
聊城,总人口,5952128
铜陵,60岁及以上,22.69%
合肥,15岁以上受教育年限,10.8
淮北,15岁以上受教育年限,9.4
六盘水,15岁以上受教育年限,8.38
亳州,15岁以上受教育年限,8.38
蚌埠,15岁以上受教育年限,9.19
亳州,大学（大专及以上）,6710
芜湖,大学（大专及以上）,17336
蚌埠,高中（含中专）,12165
池州,高中（含中专）,11901
安庆,高中（含中专）,13421
宿州,初中,36824
安阳,总人口,5477614
安阳市,总人口,5477614
福州,女,48.72
芜湖,女,48.72
马鞍山,15-59岁,63.92%
南阳,60岁及以上,18.79%
全省,60岁及以上,18.79%
亳州,60岁及以上,16.51%
宿州,60岁及以上,18.15%
阜阳,60岁及以上,16.88%
枣庄,总人口,3855601
日照,总人口,2968365
4824016,总人口,开封市
7056699,总人口,洛阳市
18.81%,60岁及以上,#滑县
52.49%,15-59岁,#滑县
28.70%,0-14岁,#滑县
51.05,女,#滑县
48.95,男,#滑县
1 169072,总人口,#滑县
3772088,总人口,濮阳市
#固始县,总人口,1041399
18.30%,60岁及以上,平顶山
56.92%,15-59岁,平顶山
24.78%,0-14岁,平顶山
49.48,女,平顶山
50.52,男,平顶山
4987137,总人口,平顶山
18.79%,60岁及以上,南阳
54.99%,15-59岁,南阳
26.23%,0-14岁,南阳
49.79,女,南阳
50.21,男,南阳
9713112,总人口,南阳
27870,初中,黄山
35543,初中,黄山
12277,高中（含中专）,黄山
12892,大学（大专及以上）,黄山
9.16,15岁以上受教育年限,黄山
24.10%,60岁及以上,黄山
61.58%,15-59岁,黄山
14.32%,0-14岁,黄山
49.42,女,黄山
50.58,男,黄山
1330565,总人口,黄山
合肥,0-14岁,16.52%
滁州,0-14岁,16.26%
宣城,0-14岁,13.64%
亳州,15-59岁,57.89%
滁州,60岁及以上,19.85%
池州,60岁及以上,22.03%
赣州,15岁以上受教育年限,9.56
宿州,15岁以上受教育年限,9.56
阜阳,15岁以上受教育年限,8.51
肇庆,15岁以上受教育年限,8.79
神农架,15岁以上受教育年限,8.79
宣城,15岁以上受教育年限,8.79
怀化,15岁以上受教育年限,9.16
吉安,15岁以上受教育年限,9.16
黄山,15岁以上受教育年限,9.16
19513,初中,东营
29356,初中,东营
17079,高中（含中专）,东营
21994,大学（大专及以上）,东营
10.58,15岁以上受教育年限,东营
20.39   %,60岁及以上,东营
62.27   %,15-59岁,东营
17.35   %,0-14岁,东营
49.6,女,东营
50.4,男,东营
2193518,总人口,东营
临沂,总人口,11018365
淄博,0-14岁,14.89   %
潍坊,15-59岁,60.87   %
东营,60岁及以上,20.39   %
潍坊,60岁及以上,21.77   %
济南,15岁以上受教育年限,10.97
博尔塔拉蒙古自治州,15岁以上受教育年限,10.36
威海,15岁以上受教育年限,10.36
安康,15岁以上受教育年限,8.48
广安,15岁以上受教育年限,8.48
菏泽,15岁以上受教育年限,8.48
东营,高中（含中专）,17079
泰安,高中（含中专）,13559
东营,初中,29356
菏泽,初中,30840
24084,初中,滁州
33556,初中,滁州
19128,高中（含中专）,滁州
12939,大学（大专及以上）,滁州
9.77,15岁以上受教育年限,滁州
19.85%,60岁及以上,滁州
63.89%,15-59岁,滁州
16.26%,0-14岁,滁州
48.52,女,滁州
51.48,男,滁州
3987054,总人口,滁州
25963,初中,铜陵
28754,初中,铜陵
14358,高中（含中专）,铜陵
15427,大学（大专及以上）,铜陵
9.01,15岁以上受教育年限,铜陵
22.69%,60岁及以上,铜陵
62.94%,15-59岁,铜陵
14.37%,0-14岁,铜陵
50.04,女,铜陵
49.96,男,铜陵
1311726,总人口,铜陵
全省,男,50.97
临夏州,男,50.06
淮北,男,50.06
包头,男,50.7
荆门,男,50.7
阜阳,男,50.7
兰州,男,51.38
常州,男,51.38
六安,男,51.38
福州,男,51.28
芜湖,男,51.28
东营,总人口,2193518
威海,15-59岁,60.88   %
临沂,60岁及以上,19.63   %
潍坊,15岁以上受教育年限,9.94
东营,大学（大专及以上）,21994
潍坊,大学（大专及以上）,14451
日照,大学（大专及以上）,13538
临沂,大学（大专及以上）,8721
德州,高中（含中专）,13542
济南,初中,28909
22543,初中,淮北
38219,初中,淮北
12621,高中（含中专）,淮北
12596,大学（大专及以上）,淮北
9.4,15岁以上受教育年限,淮北
16.46%,60岁及以上,淮北
63.07%,15-59岁,淮北
20.47%,0-14岁,淮北
49.94,女,淮北
50.06,男,淮北
1970265,总人口,淮北
29278,初中,阜阳
38992,初中,阜阳
9636,高中（含中专）,阜阳
6853,大学（大专及以上）,阜阳
8.51,15岁以上受教育年限,阜阳
16.88%,60岁及以上,阜阳
58.69%,15-59岁,阜阳
24.44%,0-14岁,阜阳
49.3,女,阜阳
50.7,男,阜阳
8200264,总人口,阜阳
池州,总人口,1342764
31264,初中,安庆
31353,初中,安庆
13421,高中（含中专）,安庆
12719,大学（大专及以上）,安庆
9.18,15岁以上受教育年限,安庆
21.50%,60岁及以上,安庆
61.81%,15-59岁,安庆
16.68%,0-14岁,安庆
49.51,女,安庆
50.49,男,安庆
4165284,总人口,安庆
本溪,男,49.51
安庆,女,49.51
池州,15-59岁,62.40%
庆阳,60岁及以上,
                    ,18.03%,
呼和浩特,60岁及以上,
                    ,18.03%,
蚌埠,60岁及以上,18.03%
芜湖,60岁及以上,20.30%
滁州,15岁以上受教育年限,9.77
18504,初中,烟台
39995,初中,烟台
17885,高中（含中专）,烟台
16572,大学（大专及以上）,烟台
10.28,15岁以上受教育年限,烟台
25.68   %,60岁及以上,烟台
62.22   %,15-59岁,烟台
12.10   %,0-14岁,烟台
49.36,女,烟台
50.64,男,烟台
7102116,总人口,烟台
菏泽,总人口,8795939
常德,男,50.13
沈抚示范区,男,50.13
济南,男,50.13
凉山彝族自治州,男,51.14
恩施,男,51.14
临沂,男,51.14
丹东,女,50.28
商丘,女,50.28
泰安,女,50.28
德州,男,50.28
东营,女,49.6
济宁,女,49.17
青岛,0-14岁,15.41   %
烟台,0-14岁,12.10   %
滨州,0-14岁,18.11   %
青岛,15-59岁,64.31   %
德州,15-59岁,59.81   %
济宁,15-59岁,59.81   %
青岛,大学（大专及以上）,22551
济宁,大学（大专及以上）,11061
滨州,高中（含中专）,12048
烟台,初中,39995
烟台,初中,18504
淮北,总人口,1970265
宿州,总人口,5324476
淮南,总人口,3033528
烟台,总人口,7102116
潍坊,总人口,9386705
滨州,总人口,3928568
淄博,女,49.78
聊城,女,49.37
东营,0-14岁,17.35   %
济宁,0-14岁,20.67   %
威海,0-14岁,11.82   %
内江,总人口,3140678
丽江,总人口,1253878
文山,总人口,3503218
1301407,总人口,西双版纳
大理,总人口,3337559
德宏,总人口,1315709
552694,总人口,怒江
呼伦贝尔,总人口,2242875
呼伦贝尔市,总人口,2242875
24901,初中,锡林郭勒盟
32104,初中,锡林郭勒盟
15157,高中（含中专）,锡林郭勒盟
18415,大学（大专及以上）,锡林郭勒盟
10.01,15岁以上受教育年限,锡林郭勒盟
17.86%,60岁及以上,
                    ,锡林郭勒盟,
68.08%,15-59岁,锡林郭勒盟
14.06%,0-14岁,锡林郭勒盟
48.39,女,锡林郭勒盟
51.61,男,锡林郭勒盟
1107075,总人口,锡林郭勒盟
20275,初中,呼伦贝尔
41899,初中,呼伦贝尔
14839,高中（含中专）,呼伦贝尔
16604,大学（大专及以上）,呼伦贝尔
10.13,15岁以上受教育年限,呼伦贝尔
67.81%,15-59岁,呼伦贝尔
11.68%,0-14岁,呼伦贝尔
49.49,女,呼伦贝尔
50.51,男,呼伦贝尔
2242875,总人口,呼伦贝尔
鄂尔多斯,总人口,2153638
17623,初中,乌海
34056,初中,乌海
17993,高中（含中专）,乌海
21862,大学（大专及以上）,乌海
10. 69,15岁以上受教育年限,乌海
70.13%,15-59岁,乌海
13.43%,0-14岁,乌海
47.71,女,乌海
52.29,男,乌海
556621,总人口,乌海
22677,初中,潍坊
37633,初中,潍坊
14888,高中（含中专）,潍坊
14451,大学（大专及以上）,潍坊
9.94,15岁以上受教育年限,潍坊
21.77   %,60岁及以上,潍坊
60.87   %,15-59岁,潍坊
17.37   %,0-14岁,潍坊
49.15,女,潍坊
50.85,男,潍坊
9386705,总人口,潍坊
27247,初中,滨州
36780,初中,滨州
12048,高中（含中专）,滨州
11439,大学（大专及以上）,滨州
9.24,15岁以上受教育年限,滨州
21.76   %,60岁及以上,滨州
60.13   %,15-59岁,滨州
18.11   %,0-14岁,滨州
49.34,女,滨州
50.66,男,滨州
3928568,总人口,滨州
宣城,60岁及以上,22.59%
淮南,15岁以上受教育年限,9.23
池州,15岁以上受教育年限,8.74
蚌埠,大学（大专及以上）,11592
亳州,高中（含中专）,9833
芜湖,高中（含中专）,13576
蚌埠,初中,35029
六安,初中,33731
蚌埠,初中,27165
邢台,总人口,7111106
4118908,总人口,张家口
7300783,总人口,沧州
594628,总人口,辛集
1205440,总人口,雄安新区
六安,0-14岁,18.53%
铜陵,0-14岁,14.37%
淮南,15-59岁,59.34%
铜陵,15-59岁,62.94%
23305,初中,济宁
38385,初中,济宁
13368,高中（含中专）,济宁
11061,大学（大专及以上）,济宁
9.32,15岁以上受教育年限,济宁
19.51   %,60岁及以上,济宁
59.81   %,15-59岁,济宁
20.67   %,0-14岁,济宁
49.17,女,济宁
50.83,男,济宁
8357897,总人口,济宁
17735,初中,威海
40356,初中,威海
18679,高中（含中专）,威海
16779,大学（大专及以上）,威海
10.36,15岁以上受教育年限,威海
27.30   %,60岁及以上,威海
60.88   %,15-59岁,威海
11.82   %,0-14岁,威海
49.53,女,威海
50.47,男,威海
2906548,总人口,威海
18.88%,60岁及以上,焦作
62.41%,15-59岁,焦作
18.71%,0-14岁,焦作
49.58,女,焦作
50.42,男,焦作
3521078,总人口,焦作
19.79%,60岁及以上,三门峡
61.88%,15-59岁,三门峡
18.33%,0-14岁,三门峡
49.43,女,三门峡
50.57,男,三门峡
2034872,总人口,三门峡
18.94%,60岁及以上,#鹿邑县
55.50%,15-59岁,#鹿邑县
25.56%,0-14岁,#鹿邑县
51.36,女,#鹿邑县
48.64,男,#鹿邑县
958617,总人口,#鹿邑县
亳州,总人口,4996844
27540,初中,淮南
36616,初中,淮南
12454,高中（含中专）,淮南
11491,大学（大专及以上）,淮南
9.23,15岁以上受教育年限,淮南
20.98%,60岁及以上,淮南
59.34%,15-59岁,淮南
19.68%,0-14岁,淮南
48.99,女,淮南
51.01,男,淮南
3033528,总人口,淮南
29897,初中,池州
29989,初中,池州
11901,高中（含中专）,池州
13353,大学（大专及以上）,池州
8.74,15岁以上受教育年限,池州
22.03%,60岁及以上,池州
62.40%,15-59岁,池州
15.58%,0-14岁,池州
49.98,女,池州
50.02,男,池州
1342764,总人口,池州
合肥,男,51.46
宜宾,男,51.12
亳州,男,51.12
十堰,男,51.48
怀化,男,51.48
滁州,男,51.48
马鞍山,男,51.15
铜陵,男,49.96
全省,女,49.03
定西,女,49.38
兴安盟,女,49.38
宿州,女,49.38
包头,女,49.3
荆门,女,49.3
阜阳,女,49.3
#固始县,60岁及以上,22.21%
蚌埠,0-14岁,22.21%
淮南,0-14岁,19.68%
淮北,15-59岁,63.07%
淮北,60岁及以上,16.46%
22852,初中,泰安
39022,初中,泰安
13559,高中（含中专）,泰安
13107,大学（大专及以上）,泰安
9.58,15岁以上受教育年限,泰安
22.06   %,60岁及以上,泰安
60.57   %,15-59岁,泰安
17.37   %,0-14岁,泰安
50.28,女,泰安
49.72,男,泰安
5472217,总人口,泰安
丹东,男,49.72
商丘,男,49.72
德州,女,49.72
泰安,男,49.72
宿迁,男,50.47
威海,男,50.47
聊城,男,50.63
青岛,女,49.04
凉山彝族自治州,女,48.86
恩施,女,48.86
临沂,女,48.86
泰安,0-14岁,17.37   %
潍坊,0-14岁,17.37   %
滨州,15-59岁,60.13   %
滨州,60岁及以上,21.76   %
青岛,15岁以上受教育年限,10.83
包头,初中,18729
淄博,大学（大专及以上）,18729
烟台,大学（大专及以上）,16572
威海,大学（大专及以上）,16779
聊城,大学（大专及以上）,9350
滨州,大学（大专及以上）,11439
日照,初中,34108
淄博,初中,19704
29993,初中,亳州
37345,初中,亳州
9833,高中（含中专）,亳州
6710,大学（大专及以上）,亳州
8.38,15岁以上受教育年限,亳州
16.51%,60岁及以上,亳州
57.89%,15-59岁,亳州
25.61%,0-14岁,亳州
48.88,女,亳州
51.12,男,亳州
4996844,总人口,亳州
蚌埠,总人口,3296408
32191,初中,六安
33731,初中,六安
13638,高中（含中专）,六安
9683,大学（大专及以上）,六安
8.98,15岁以上受教育年限,六安
21.26%,60岁及以上,六安
60.21%,15-59岁,六安
18.53%,0-14岁,六安
48.62,女,六安
51.38,男,六安
4393699,总人口,六安
26194,初中,日照
34108,初中,日照
12653,高中（含中专）,日照
13538,大学（大专及以上）,日照
9.39,15岁以上受教育年限,日照
22.43   %,60岁及以上,日照
59.21   %,15-59岁,日照
18.36   %,0-14岁,日照
49.15,女,日照
50.85,男,日照
2968365,总人口,日照
池州,大学（大专及以上）,13353
淮南,高中（含中专）,12454
黄山,高中（含中专）,12277
淮北,初中,38219
阜阳,初中,38992
阜阳,初中,29278
安庆,总人口,4165284
广元,男,50.02
潜江,男,50.02
池州,男,50.02
宣城,女,48.61
宿州,0-14岁,23.53%
湛江,0-14岁,14.54%
潜江,0-14岁,14.54%
芜湖,0-14岁,14.54%
宿州,高中（含中专）,16690
黄山,初中,35543
淮南,初中,27540
芜湖,初中,27120
7717983,总人口,唐山
9242610,总人口,保定
衡水,总人口,4212933
郑州,总人口,12600574
郑州市,总人口,12600574
29981,初中,临沂
35057,初中,临沂
9990,高中（含中专）,临沂
8721,大学（大专及以上）,临沂
8.68,15岁以上受教育年限,临沂
19.63   %,60岁及以上,临沂
56.91   %,15-59岁,临沂
23.46   %,0-14岁,临沂
48.86,女,临沂
51.14,男,临沂
11018365,总人口,临沂
东营,15-59岁,62.27   %
聊城,15-59岁,57.57   %
菏泽,15-59岁,56.57   %
全  省,15岁以上受教育年限,9.75
张家界,15岁以上受教育年限,9.27
上饶,15岁以上受教育年限,9.27
马鞍山,15岁以上受教育年限,9.27
枣庄,15岁以上受教育年限,9.27
云浮,15岁以上受教育年限,8.68
临沂,15岁以上受教育年限,8.68
济南,高中（含中专）,15810
烟台,高中（含中专）,17885
菏泽,高中（含中专）,10185
淄博,初中,32786
潍坊,初中,37633
泰安,初中,39022
聊城,初中,36000
青岛,初中,18593
东营,初中,19513
滨州,初中,27247
19791,初中,合肥
26931,初中,合肥
14934,高中（含中专）,合肥
26390,大学（大专及以上）,合肥
10.8,15岁以上受教育年限,合肥
15.26%,60岁及以上,合肥
68.22%,15-59岁,合肥
16.52%,0-14岁,合肥
48.54,女,合肥
51.46,男,合肥
9369881,总人口,合肥
滁州,总人口,3987054
马鞍山,总人口,2159930
德州,总人口,5611194
淄博,男,50.22
赤峰,男,50.78
宜昌,男,50.78
全省,男,50.78
菏泽,男,50.78
赣州,女,48.68
郑州,女,48.68
枣庄,女,48.68
蚌埠,女,49.36
烟台,女,49.36
济南,0-14岁,16.44   %
淄博,15-59岁,61.87   %
枣庄,60岁及以上,18.55   %
东营,15岁以上受教育年限,10.58
德州,15岁以上受教育年限,9.34
枣庄,高中（含中专）,13729
威海,高中（含中专）,18679
威海,初中,17735
日照,初中,26194
阜阳,总人口,8200264
六安,总人口,4393699
宣城,总人口,2500063
淮南,男,51.01
宣城,男,51.39
淮南,女,48.99
27855,初中,聊城
36000,初中,聊城
14370,高中（含中专）,聊城
9350,大学（大专及以上）,聊城
9.31,15岁以上受教育年限,聊城
18.96   %,60岁及以上,聊城
57.57   %,15-59岁,聊城
23.47   %,0-14岁,聊城
49.37,女,聊城
50.63,男,聊城
5952128,总人口,聊城
淮北,大学（大专及以上）,12596
宿州,大学（大专及以上）,9194
淮南,大学（大专及以上）,11491
合肥,高中（含中专）,14934
宣城,高中（含中专）,12140
合肥,初中,19791
淮北,初中,22543
六安,初中,32191
铜陵,初中,25963
10640458,总人口,石家庄
邯郸,总人口,9413990
本溪,女,50.49
安庆,男,50.49
遵义,男,50.58
朝阳,男,50.58
#长垣,女,50.58
黄山,男,50.58
铜陵,女,50.04
广元,女,49.98
潜江,女,49.98
池州,女,49.98
淮北,0-14岁,20.47%
宿州,15-59岁,58.31%
阜阳,15-59岁,58.69%
六安,60岁及以上,21.26%
30840,初中,菏泽
36543,初中,菏泽
10185,高中（含中专）,菏泽
7087,大学（大专及以上）,菏泽
8.48,15岁以上受教育年限,菏泽
18.32   %,60岁及以上,菏泽
56.57   %,15-59岁,菏泽
25.10   %,0-14岁,菏泽
49.22,女,菏泽
50.78,男,菏泽
8795939,总人口,菏泽
青岛,男,50.96
聊城,0-14岁,23.47   %
烟台,15-59岁,62.22   %
济南,60岁及以上,19.96   %
青岛,60岁及以上,20.28   %
泰安,60岁及以上,22.06   %
日照,60岁及以上,22.43   %
德州,60岁及以上,20.73   %
菏泽,60岁及以上,18.32   %
济南,大学（大专及以上）,25931
日照,高中（含中专）,12653
临沂,高中（含中专）,9990
枣庄,初中,35333
滨州,初中,36780
菏泽,初中,36543
枣庄,初中,26967
德州,初中,24865
遵义,女,49.42
朝阳,女,49.42
#长垣,男,49.42
黄山,女,49.42
阜阳,0-14岁,24.44%
安康,60岁及以上,
                    ,20.98%,
淮南,60岁及以上,20.98%
黄山,60岁及以上,24.10%
巴中,15岁以上受教育年限,9.01
铜陵,15岁以上受教育年限,9.01
阜阳,高中（含中专）,9636
亳州,初中,37345
宣城,初中,34218
安庆,初中,31264
石家庄,总人口,10640458
唐山,总人口,7717983
9413990,总人口,邯郸
3354444,总人口,承德
5477614,总人口,安阳市
2367490,总人口,漯河市
商丘,总人口,7816831
商丘市,总人口,7816831
18.31%,60岁及以上,洛阳
60.84%,15-59岁,洛阳
20.85%,0-14岁,洛阳
49.7,女,洛阳
50.3,男,洛阳
7056699,总人口,洛阳
16.44%,60岁及以上,鹤壁
61.90%,15-59岁,鹤壁
21.66%,0-14岁,鹤壁
49.4,女,鹤壁
50.6,男,鹤壁
1565973,总人口,鹤壁
淮北,高中（含中专）,12621
滁州,初中,33556
亳州,初中,29993
马鞍山,初中,26484
宣城,初中,30145
沧州,总人口,7300783
4212933,总人口,衡水
4987137,总人口,平顶山市
3521078,总人口,焦作市
南京,男,51.05
#滑县,女,51.05
雅安,女,49.4
广安,女,49.4
平潭,女,49.4
鹤壁,女,49.4
巴中,男,50.87
#邓州,女,50.87
全省,男,50.76
#新蔡县,女,50.76
#巩义,0-14岁,18.12%
#滑县,0-14岁,28.70%
#长垣,0-14岁,25.94%
#永城,0-14岁,27.19%
信阳,0-14岁,23.67%
#固始县,0-14岁,24.32%
#新蔡县,0-14岁,26.56%
合肥,初中,26931
淮南,初中,36616
马鞍山,初中,32387
芜湖,初中,29670
铜陵,初中,28754
池州,初中,29989
安庆,初中,31353
承德,总人口,3354444
5464087,总人口,廊坊
辛集,总人口,594628
12600574,总人口,郑州市
平顶山,总人口,4987137
平顶山市,总人口,4987137
905436,总人口,#长垣市
9713112,总人口,南阳市
#永城,总人口,1256409
#永城市,总人口,1256409
周口,总人口,9026015
周口市,总人口,9026015
19.70%,60岁及以上,许昌
58.01%,15-59岁,许昌
22.30%,0-14岁,许昌
49.49,女,许昌
50.51,男,许昌
4379998,总人口,许昌
#鹿邑县,总人口,958617
南阳,男,50.21
洛阳,女,49.7
滁州,初中,24084
黄山,初中,27870
秦皇岛,总人口,3136879
7111106,总人口,邢台
廊坊,总人口,5464087
1095986,总人口,定州
雄安新区,总人口,1205440
#巩义,总人口,785242
#巩义市,总人口,785242
#兰考县,总人口,777278
974541,总人口,#汝州市
#长垣,总人口,905436
#长垣市,总人口,905436
焦作,总人口,3521078
焦作市,总人口,3521078
濮阳,总人口,3772088
濮阳市,总人口,3772088
南阳,总人口,9713112
南阳市,总人口,9713112
#邓州,总人口,1247807
#邓州市,总人口,1247807
22.21%,60岁及以上,#固始县
53.47%,15-59岁,#固始县
24.32%,0-14岁,#固始县
49.61,女,#固始县
50.39,男,#固始县
1041399,总人口,#固始县
海南州,男,50.52
平顶山,男,50.52
周口,男,49.35
全省,女,49.24
#新蔡县,男,49.24
海北州,女,49.02
白银,女,49.02
乌兰察布,女,49.02
#巩义,女,49.02
张家口,总人口,4118908
开封,总人口,4824016
开封市,总人口,4824016
1565973,总人口,鹤壁市
6251929,总人口,新乡市
三门峡,总人口,2034872
三门峡市,总人口,2034872
1256409,总人口,#永城市
9026015,总人口,周口市
19.29%,60岁及以上,开封
57.14%,15-59岁,开封
23.57%,0-14岁,开封
49.31,女,开封
50.69,男,开封
4824016,总人口,开封
18.14%,60岁及以上,商丘
56.44%,15-59岁,商丘
25.42%,0-14岁,商丘
50.28,女,商丘
49.72,男,商丘
7816831,总人口,商丘
驻马店,总人口,7008427
海北州,男,50.98
白银,男,50.98
乌兰察布,男,50.98
#巩义,男,50.98
黄南州,男,50.51
呼伦贝尔,男,50.51
许昌,男,50.51
#永城,女,50.14
漯河,男,50.14
商洛,女,48.64
#鹿邑县,男,48.64
信阳,女,50.33
商洛,男,51.36
#鹿邑县,女,51.36
郑州,0-14岁,19.05%
漯河,0-14岁,20.34%
#滑县,15-59岁,52.49%
驻马店,15-59岁,55.10%
定州,总人口,1095986
785242,总人口,#巩义市
洛阳,总人口,7056699
洛阳市,总人口,7056699
#滑县,总人口,1 169072
4379998,总人口,许昌市
12.84%,60岁及以上,郑州
68.11%,15-59岁,郑州
19.05%,0-14岁,郑州
48.68,女,郑州
51.32,男,郑州
12600574,总人口,郑州
16.95%,60岁及以上,#汝州
54.76%,15-59岁,#汝州
28.28%,0-14岁,#汝州
49.66,女,#汝州
50.34,男,#汝州
974541,总人口,#汝州
17.23%,60岁及以上,#永城
55.58%,15-59岁,#永城
27.19%,0-14岁,#永城
50.14,女,#永城
49.86,男,#永城
1256409,总人口,#永城
18.66%,60岁及以上,济源示范区
61.86%,15-59岁,济源示范区
19.47%,0-14岁,济源示范区
49.29,女,济源示范区
50.71,男,济源示范区
727265,总人口,济源示范区
洛阳,男,50.3
驻马店,男,49.57
株洲,女,49.31
开封,女,49.31
宝鸡,女,49.29
济源示范区,女,49.29
新乡,0-14岁,23.17%
南阳,0-14岁,26.23%
济源示范区,0-14岁,19.47%
洛阳,15-59岁,60.84%
#固始县,15-59岁,53.47%
乌海,60岁及以上,
                    ,16.44%,
鹤壁,60岁及以上,16.44%
许昌,60岁及以上,19.70%
#汝州,总人口,974541
#汝州市,总人口,974541
新乡,总人口,6251929
新乡市,总人口,6251929
1247807,总人口,#邓州市
7816831,总人口,商丘市
信阳,总人口,6234401
信阳市,总人口,6234401
17.68%,60岁及以上,新乡
59.15%,15-59岁,新乡
23.17%,0-14岁,新乡
49.77,女,新乡
50.23,男,新乡
6251929,总人口,新乡
17.67%,60岁及以上,濮阳
56.63%,15-59岁,濮阳
25.70%,0-14岁,濮阳
50.45,女,濮阳
49.55,男,濮阳
3772088,总人口,濮阳
19.12%,60岁及以上,#邓州
52.15%,15-59岁,#邓州
28.73%,0-14岁,#邓州
50.87,女,#邓州
49.13,男,#邓州
1247807,总人口,#邓州
19.14%,60岁及以上,#新蔡县
54.30%,15-59岁,#新蔡县
26.56%,0-14岁,#新蔡县
50.76,女,#新蔡县
49.24,男,#新蔡县
823829,总人口,#新蔡县
株洲,男,50.69
开封,男,50.69
#汝州,男,50.34
渭南,女,49.77
新乡,女,49.77
#兰考县,女,49.77
三门峡,女,49.43
驻马店,女,50.43
平顶山,0-14岁,24.78%
鹤壁,0-14岁,21.66%
商丘,0-14岁,25.42%
安阳,15-59岁,57.27%
南阳,15-59岁,54.99%
#滑县,60岁及以上,18.81%
许昌,总人口,4379998
许昌市,总人口,4379998
2034872,总人口,三门峡市
6234401,总人口,信阳市
20.13%,60岁及以上,#巩义
61.75%,15-59岁,#巩义
18.12%,0-14岁,#巩义
49.02,女,#巩义
50.98,男,#巩义
785242,总人口,#巩义
18.32%,60岁及以上,安阳
57.27%,15-59岁,安阳
24.41%,0-14岁,安阳
50.92,女,安阳
49.08,男,安阳
5477614,总人口,安阳
17.26%,60岁及以上,#长垣
56.80%,15-59岁,#长垣
25.94%,0-14岁,#长垣
50.58,女,#长垣
49.42,男,#长垣
905436,总人口,#长垣
19.27%,60岁及以上,信阳
57.06%,15-59岁,信阳
23.67%,0-14岁,信阳
50.33,女,信阳
49.67,男,信阳
6234401,总人口,信阳
济源示范区,总人口,727265
漯河,女,49.86
#永城,男,49.86
营口,女,49.61
抚顺,男,49.61
#固始县,女,49.61
泸州,15-59岁,58.78%
全  省,15-59岁,58.78%
郑州,15-59岁,68.11%
#长垣,15-59岁,56.80%
濮阳,15-59岁,56.63%
#鹿邑县,15-59岁,55.50%
#新蔡县,15-59岁,54.30%
开封,60岁及以上,19.29%
新余,60岁及以上,17.68%
新乡,60岁及以上,17.68%
#邓州,60岁及以上,19.12%
广州,60岁及以上,17.23%
武汉,60岁及以上,17.23%
#永城,60岁及以上,17.23%
21.03%,60岁及以上,漯河
58.64%,15-59岁,漯河
20.34%,0-14岁,漯河
49.86,女,漯河
50.14,男,漯河
2367490,总人口,漯河
19.75%,60岁及以上,周口
55.33%,15-59岁,周口
24.92%,0-14岁,周口
50.65,女,周口
49.35,男,周口
9026015,总人口,周口
绵阳,男,50.15
全  省,男,50.15
巴中,女,49.13
#邓州,男,49.13
信阳,男,49.67
绵阳,女,49.85
全  省,女,49.85
#汝州,女,49.66
濮阳,女,50.45
#兰考县,0-14岁,26.85%
安阳,0-14岁,24.41%
濮阳,0-14岁,25.70%
许昌,0-14岁,22.30%
开封,15-59岁,57.14%
#汝州,15-59岁,54.76%
济源示范区,15-59岁,61.86%
鄂尔多斯,0-14岁,18.08%
全  省,60岁及以上,18.08%
#巩义,60岁及以上,20.13%
平顶山,60岁及以上,18.30%
安阳,60岁及以上,18.32%
漯河,60岁及以上,21.03%
19.80%,60岁及以上,驻马店
55.10%,15-59岁,驻马店
25.10%,0-14岁,驻马店
50.43,女,驻马店
49.57,男,驻马店
7008427,总人口,驻马店
南京,女,48.95
#滑县,男,48.95
泸州,男,50.42
焦作,男,50.42
抚顺,女,50.39
营口,男,50.39
#固始县,男,50.39
开封,0-14岁,23.57%
驻马店,0-14岁,25.10%
#兰考县,15-59岁,55.14%
平顶山,15-59岁,56.92%
鹤壁,15-59岁,61.90%
周口,15-59岁,55.33%
洛阳,60岁及以上,18.31%
辽源,总人口,996903
  辽源,总人口,996903
  辽源市,总人口,996903
1551378,总人口,  白城市
3756167,总人口,绥化
10.12,15岁以上受教育年限,  吉林
25.25%,60岁及以上人口,
  ,  吉林,
63.81%,15-59岁,  吉林
10.93%,0-14岁,  吉林
3623713,总人口,  吉林
四平,0-14岁,11.83%
  四平,0-14岁,11.83%
延边朝鲜族自治州,15-59岁,64.10%
  延边朝鲜族自治州,15-59岁,64.10%
吉林,60岁及以上人口,
  ,25.25%,
  吉林,60岁及以上人口,
  ,25.25%,
辽源,60岁及以上人口,
  ,25.41%,
  辽源,60岁及以上人口,
  ,25.41%,
南昌,男,52.35
#新蔡县,总人口,823829
渭南,男,50.23
新乡,男,50.23
#兰考县,男,50.23
安阳,男,49.08
雅安,男,50.6
广安,男,50.6
平潭,男,50.6
鹤壁,男,50.6
濮阳,男,49.55
三门峡,男,50.57
宝鸡,男,50.71
济源示范区,男,50.71
海南州,女,49.48
平顶山,女,49.48
泸州,女,49.58
焦作,女,49.58
周口,女,50.65
南平,60岁及以上,20.85%
长春,60岁及以上人口,
  ,20.85%,
  长春,60岁及以上人口,
  ,20.85%,
洛阳,0-14岁,20.85%
#巩义,15-59岁,61.75%
漯河,15-59岁,58.64%
兴安盟,60岁及以上,
                    ,18.01%,
#兰考县,60岁及以上,18.01%
9066906,总人口,  长春市
1814733,总人口,  四平市
通化,总人口,1302778
  通化,总人口,1302778
  通化市,总人口,1302778
白城,总人口,1551378
  白城,总人口,1551378
  白城市,总人口,1551378
延边朝鲜族自治州,总人口,1941700
  延边朝鲜族自治州,总人口,1941700
10009854,总人口,哈尔滨
安阳,女,50.92
#汝州,0-14岁,28.28%
新乡,15-59岁,59.15%
商丘,15-59岁,56.44%
#永城,15-59岁,55.58%
焦作,60岁及以上,18.88%
伊春,总人口,878881
绥化,总人口,3756167
9.54,15岁以上受教育年限,  白城
23.59%,60岁及以上人口,
  ,  白城,
65.34%,15-59岁,  白城
11.06%,0-14岁,  白城
1551378,总人口,  白城
9.91,15岁以上受教育年限,  梅河口
24.08%,60岁及以上人口,
  ,  梅河口,
64.06%,15-59岁,  梅河口
11.86%,0-14岁,  梅河口
509336,总人口,  梅河口
吉林,0-14岁,10.93%
  吉林,0-14岁,10.93%
松原,0-14岁,13.19%
  松原,0-14岁,13.19%
白山,15-59岁,63.70%
  白山,15-59岁,63.70%
全省,60岁及以上人口,
  ,23.06%,
白山,60岁及以上人口,
  ,25.33%,
  白山,60岁及以上人口,
  ,25.33%,
梅河口,60岁及以上人口,
  ,24.08%,
  梅河口,60岁及以上人口,
  ,24.08%,
长春,15岁以上受教育年限,10.69
  长春,15岁以上受教育年限,10.69
延边朝鲜族自治州,15岁以上受教育年限,10.59
  延边朝鲜族自治州,15岁以上受教育年限,10.59
9.52,15岁以上受教育年限,辽源
25.41%,60岁及以上人口,
  ,辽源,
63.89%,15-59岁,辽源
10.71%,0-14岁,辽源
996903,总人口,辽源
全省,男,51.60  
黄南州,女,49.49
呼伦贝尔,女,49.49
许昌,女,49.49
南阳,女,49.79
焦作,0-14岁,18.71%
三门峡,0-14岁,18.33%
#邓州,0-14岁,28.73%
周口,0-14岁,24.92%
#鹿邑县,0-14岁,25.56%
焦作,15-59岁,62.41%
三门峡,15-59岁,61.88%
#邓州,15-59岁,52.15%
郑州,60岁及以上,12.84%
#汝州,60岁及以上,16.95%
商丘,60岁及以上,18.14%
驻马店,60岁及以上,19.80%
2781562,总人口,大庆
佳木斯,总人口,2156505
七台河,总人口,689611
331276,总人口,大兴安岭行署
鹰潭,男,51.82
景德镇,男,51.82
6491088,总人口,上饶
30948,初中,上饶
33905,初中,上饶
15986,高中（含中专）,上饶
8616,大学（大专及以上）,上饶
9.27,15岁以上受教育年限,上饶
17.69%,60岁及以上,上饶
59.08%,15-59岁,上饶
23.23%,0-14岁,上饶
48.45,女,上饶
51.55,男,上饶
许昌,15-59岁,58.01%
信阳,15-59岁,57.06%
茂名,0-14岁,17.26%
天门,0-14岁,17.26%
#长垣,60岁及以上,17.26%
九江,60岁及以上,17.67%
濮阳,60岁及以上,17.67%
三门峡,60岁及以上,19.79%
无锡,60岁及以上,19.75%
周口,60岁及以上,19.75%
济源示范区,60岁及以上,18.66%
四平,总人口,1814733
  四平,总人口,1814733
  四平市,总人口,1814733
松原,总人口,2252994
  松原,总人口,2252994
  松原市,总人口,2252994
10.38,15岁以上受教育年限,  长白山管委会
20.63%,60岁及以上人口,
  ,  长白山管委会,
67.61%,15-59岁,  长白山管委会
11.76%,0-14岁,  长白山管委会
61146,总人口,  长白山管委会
哈尔滨,总人口,10009854
齐齐哈尔,总人口,4067489
1208803,总人口,双鸭山
1286401,总人口,黑河
9.82,15岁以上受教育年限,  通化
25.90%,60岁及以上人口,
  ,  通化,
62.86%,15-59岁,  通化
11.24%,0-14岁,  通化
1302778,总人口,  通化
长白山管委会,0-14岁,11.76%
  长白山管委会,0-14岁,11.76%
白城,15-59岁,65.34%
  白城,15-59岁,65.34%
长白山管委会,15-59岁,67.61%
  长白山管委会,15-59岁,67.61%
通化,60岁及以上人口,
  ,25.90%,
  通化,60岁及以上人口,
  ,25.90%,
吐鲁番,15岁以上受教育年限,9.82
通化,15岁以上受教育年限,9.82
  通化,15岁以上受教育年限,9.82
信阳,60岁及以上,19.27%
#鹿邑县,60岁及以上,18.94%
1302778,总人口,  通化市
鹤岗,总人口,891271
9.65,15岁以上受教育年限,  四平
24.48%,60岁及以上人口,
  ,  四平,
63.68%,15-59岁,  四平
11.83%,0-14岁,  四平
1814733,总人口,  四平
四平,15-59岁,63.68%
  四平,15-59岁,63.68%
白城,60岁及以上人口,
  ,23.59%,
  白城,60岁及以上人口,
  ,23.59%,
三明,0-14岁,20.63%
长白山管委会,60岁及以上人口,
  ,20.63%,
  长白山管委会,60岁及以上人口,
  ,20.63%,
四平,15岁以上受教育年限,9.65
  四平,15岁以上受教育年限,9.65
10.69,15岁以上受教育年限,长春
20.85%,60岁及以上人口,
  ,长春,
67.01%,15-59岁,长春
12.14%,0-14岁,长春
9066906,总人口,长春
9.82,15岁以上受教育年限,通化
25.90%,60岁及以上人口,
  ,通化,
62.86%,15-59岁,通化
11.24%,0-14岁,通化
1302778,总人口,通化
4600276,总人口,九江
27437,初中,九江
32464,初中,九江
16425,高中（含中专）,九江
13296,大学（大专及以上）,九江
9.74,15岁以上受教育年限,九江
17.67%,60岁及以上,九江
61.37%,15-59岁,九江
20.96%,0-14岁,九江
48.8,女,九江
51.2,男,九江
1154223,总人口,鹰潭
27011,初中,鹰潭
35229,初中,鹰潭
19290,高中（含中专）,鹰潭
10038,大学（大专及以上）,鹰潭
9.84,15岁以上受教育年限,鹰潭
17.46%,60岁及以上,鹰潭
60.64%,15-59岁,鹰潭
21.90%,0-14岁,鹰潭
48.18,女,鹰潭
51.82,男,鹰潭
4469176,总人口,吉安
31914,初中,吉安
36661,初中,吉安
12526,高中（含中专）,吉安
8078,大学（大专及以上）,吉安
9.16,15岁以上受教育年限,吉安
17.79%,60岁及以上,吉安
57.24%,15-59岁,吉安
24.97%,0-14岁,吉安
48.47,女,吉安
51.53,男,吉安
鹰潭,女,48.18
景德镇,女,48.18
抚州,女,48.3
鹰潭,0-14岁,21.90%
宜春,0-14岁,22.91%
宜春,60岁及以上,18.04%
上饶,60岁及以上,17.69%
#新蔡县,60岁及以上,19.14%
10.59,15岁以上受教育年限,  延边朝鲜族自治州
24.93%,60岁及以上人口,
  ,  延边朝鲜族自治州,
64.10%,15-59岁,  延边朝鲜族自治州
10.96%,0-14岁,  延边朝鲜族自治州
1941700,总人口,  延边朝鲜族自治州
1502060,总人口,鸡西
双鸭山,总人口,1208803
2156505,总人口,佳木斯
10.13,15岁以上受教育年限,  白山
25.33%,60岁及以上人口,
  ,  白山,
63.70%,15-59岁,  白山
10.97%,0-14岁,  白山
951866,总人口,  白山
9.24,15岁以上受教育年限,  松原
21.50%,60岁及以上人口,
  ,  松原,
65.31%,15-59岁,  松原
13.19%,0-14岁,  松原
2252994,总人口,  松原
长春,15-59岁,67.01%
  长春,15-59岁,67.01%
四平,60岁及以上人口,
  ,24.48%,
  四平,60岁及以上人口,
  ,24.48%,
延边朝鲜族自治州,60岁及以上人口,
  ,24.93%,
  延边朝鲜族自治州,60岁及以上人口,
  ,24.93%,
珠海,15岁以上受教育年限,9.54
十堰,15岁以上受教育年限,9.54
白城,15岁以上受教育年限,9.54
  白城,15岁以上受教育年限,9.54
9.65,15岁以上受教育年限,四平
24.48%,60岁及以上人口,
  ,四平,
63.68%,15-59岁,四平
11.83%,0-14岁,四平
1814733,总人口,四平
9.91,15岁以上受教育年限,梅河口
24.08%,60岁及以上人口,
  ,梅河口,
64.06%,15-59岁,梅河口
11.86%,0-14岁,梅河口
509336,总人口,梅河口
1618979,总人口,景德镇
29882,初中,景德镇
33967,初中,景德镇
14006,高中（含中专）,景德镇
11972,大学（大专及以上）,景德镇
9.48,15岁以上受教育年限,景德镇
16.63%,60岁及以上,景德镇
62.05%,15-59岁,景德镇
21.32%,0-14岁,景德镇
48.18,女,景德镇
51.82,男,景德镇
宜春,男,51.65
九江,0-14岁,20.96%
赣州,0-14岁,23.09%
全省,15-59岁,61.17  %
景德镇,15-59岁,62.05%
萍乡,15-59岁,60.54%
长春,总人口,9066906
  长春,总人口,9066906
  长春市,总人口,9066906
2252994,总人口,  松原市
2290208,总人口,牡丹江
黑河,总人口,1286401
盘锦,15-59岁,65.31%
松原,15-59岁,65.31%
  松原,15-59岁,65.31%
赤峰,15岁以上受教育年限,9.52
辽源,15岁以上受教育年限,9.52
  辽源,15岁以上受教育年限,9.52
呼伦贝尔,15岁以上受教育年限,10.13
白山,15岁以上受教育年限,10.13
  白山,15岁以上受教育年限,10.13
阿勒泰地区,15岁以上受教育年限,10.38
长白山管委会,15岁以上受教育年限,10.38
  长白山管委会,15岁以上受教育年限,10.38
10.13,15岁以上受教育年限,白山
25.33%,60岁及以上人口,
  ,白山,
63.70%,15-59岁,白山
10.97%,0-14岁,白山
951866,总人口,白山
10.59,15岁以上受教育年限,延边朝鲜族自治州
24.93%,60岁及以上人口,
  ,延边朝鲜族自治州,
64.10%,15-59岁,延边朝鲜族自治州
10.96%,0-14岁,延边朝鲜族自治州
1941700,总人口,延边朝鲜族自治州
岳阳,男,51.2
九江,男,51.2
1202499,总人口,新余
24806,初中,新余
35474,初中,新余
16185,高中（含中专）,新余
13324,大学（大专及以上）,新余
9.85,15岁以上受教育年限,新余
17.68%,60岁及以上,新余
61.59%,15-59岁,新余
20.73%,0-14岁,新余
47.74,女,新余
52.26,男,新余
3614866,总人口,抚州
32409,初中,抚州
36332,初中,抚州
11869,高中（含中专）,抚州
8874,大学（大专及以上）,抚州
9.08,15岁以上受教育年限,抚州
16.41%,60岁及以上,抚州
61.06%,15-59岁,抚州
22.53%,0-14岁,抚州
48.3,女,抚州
51.7,男,抚州
全省,女,48.40  
南通,男,49.25
萍乡,女,49.25
景德镇,0-14岁,21.32%
莆田,0-14岁,20.73%
新余,0-14岁,20.73%
邵阳,0-14岁,22.53%
　　邵阳,0-14岁,22.53%
抚州,0-14岁,22.53%
全省,大学（大专及以上）,11897  
抚州,大学（大专及以上）,8874
3623713,总人口,  吉林市
996903,总人口,  辽源市
白山,总人口,951866
  白山,总人口,951866
  白山市,总人口,951866
大兴安岭行署,总人口,331276
9.52,15岁以上受教育年限,  辽源
25.41%,60岁及以上人口,
  ,  辽源,
63.89%,15-59岁,  辽源
10.71%,0-14岁,  辽源
996903,总人口,  辽源
长春,0-14岁,12.14%
  长春,0-14岁,12.14%
辽源,0-14岁,10.71%
  辽源,0-14岁,10.71%
白山,0-14岁,10.97%
  白山,0-14岁,10.97%
梅河口,15-59岁,64.06%
  梅河口,15-59岁,64.06%
6255007,总人口,南昌
20069,初中,南昌
29587,初中,南昌
16382,高中（含中专）,南昌
25024,大学（大专及以上）,南昌
11.01,15岁以上受教育年限,南昌
14.97%,60岁及以上,南昌
67.59%,15-59岁,南昌
17.44%,0-14岁,南昌
47.65,女,南昌
52.35,男,南昌
南通,女,50.75
萍乡,男,50.75
酒泉,男,51.55
上饶,男,51.55
岳阳,女,48.8
九江,女,48.8
抚州,初中,32409
大连,总人口,7450785
营口,总人口,2328582
20410,初中,辽阳
47615,初中,辽阳
13505,高中（含中专）,辽阳
14258,大学（大专及以上）,辽阳
9.96,15岁以上受教育年限,辽阳
62.26%,15-59岁,辽阳
9.83%,0-14岁,辽阳
50.11,女,辽阳
49.89,男,辽阳
1604580,总人口,辽阳
全  省,女,50.08
阜新,女,50.67
武威,女,49.47
葫芦岛,女,49.47
吉林,总人口,3623713
  吉林,总人口,3623713
  吉林市,总人口,3623713
951866,总人口,  白山市
长白山管委会,总人口,61146
  长白山管委会,总人口,61146
4067489,总人口,齐齐哈尔
鸡西,总人口,1502060
689611,总人口,七台河
10.69,15岁以上受教育年限,  长春
20.85%,60岁及以上人口,
  ,  长春,
67.01%,15-59岁,  长春
12.14%,0-14岁,  长春
9066906,总人口,  长春
梅河口,总人口,509336
  梅河口,总人口,509336
通化,0-14岁,11.24%
  通化,0-14岁,11.24%
白城,0-14岁,11.06%
  白城,0-14岁,11.06%
延边朝鲜族自治州,0-14岁,10.96%
  延边朝鲜族自治州,0-14岁,10.96%
吉林,15-59岁,63.81%
  吉林,15-59岁,63.81%
通化,15-59岁,62.86%
  通化,15-59岁,62.86%
吉林,15岁以上受教育年限,10.12
  吉林,15岁以上受教育年限,10.12
9.54,15岁以上受教育年限,白城
23.59%,60岁及以上人口,
  ,白城,
65.34%,15-59岁,白城
11.06%,0-14岁,白城
1551378,总人口,白城
1804805,总人口,萍乡
24530,初中,萍乡
40012,初中,萍乡
15435,高中（含中专）,萍乡
12041,大学（大专及以上）,萍乡
9.95,15岁以上受教育年限,萍乡
19.35%,60岁及以上,萍乡
60.54%,15-59岁,萍乡
20.10%,0-14岁,萍乡
49.25,女,萍乡
50.75,男,萍乡
新余,男,52.26
吉安,男,51.53
吉安,60岁及以上,17.79%
陇南,60岁及以上,
                    ,16.41%,
塔城地区,0-14岁,16.41%
抚州,60岁及以上,16.41%
891271,总人口,鹤岗
大庆,总人口,2781562
878881,总人口,伊春
牡丹江,总人口,2290208
梅河口,0-14岁,11.86%
  梅河口,0-14岁,11.86%
新余,女,47.74
酒泉,女,48.45
上饶,女,48.45
吉安,15-59岁,57.24%
全省,60岁及以上,16.87  %
景德镇,60岁及以上,16.63%
鹰潭,60岁及以上,17.46%
九江,15岁以上受教育年限,9.74
南昌,大学（大专及以上）,25024
赣州,大学（大专及以上）,9346
南昌,初中,29587
景德镇,初中,33967
九江,初中,27437
鞍山,总人口,3325372
抚顺,总人口,1731864
丹东,总人口,2188436
9.24,15岁以上受教育年限,松原
21.50%,60岁及以上人口,
  ,松原,
65.31%,15-59岁,松原
13.19%,0-14岁,松原
2252994,总人口,松原
10.38,15岁以上受教育年限,长白山管委会
20.63%,60岁及以上人口,
  ,长白山管委会,
67.61%,15-59岁,长白山管委会
11.76%,0-14岁,长白山管委会
61146,总人口,长白山管委会
5007702,总人口,宜春
27256,初中,宜春
40195,初中,宜春
14611,高中（含中专）,宜春
8635,大学（大专及以上）,宜春
9.51,15岁以上受教育年限,宜春
18.04%,60岁及以上,宜春
59.05%,15-59岁,宜春
22.91%,0-14岁,宜春
48.35,女,宜春
51.65,男,宜春
吉安,女,48.47
南昌,15-59岁,67.59%
鹰潭,15-59岁,60.64%
上饶,15-59岁,59.08%
南昌,15岁以上受教育年限,11.01
景德镇,15岁以上受教育年限,9.48
萍乡,15岁以上受教育年限,9.95
萍乡,高中（含中专）,15435
吉安,高中（含中专）,12526
15908,初中,本溪
46548,初中,本溪
16233,高中（含中专）,本溪
16567,大学（大专及以上）,本溪
10.29,15岁以上受教育年限,本溪
62.00%,15-59岁,本溪
8.99%,0-14岁,本溪
50.49,女,本溪
49.51,男,本溪
1326018,总人口,本溪
22337,初中,营口
48720,初中,营口
10855,高中（含中专）,营口
12958,大学（大专及以上）,营口
9.73,15岁以上受教育年限,营口
63.35%,15-59岁,营口
11.56%,0-14岁,营口
49.61,女,营口
50.39,男,营口
2328582,总人口,营口
25565,初中,铁岭
49477,初中,铁岭
10825,高中（含中专）,铁岭
9606,大学（大专及以上）,铁岭
9.29,15岁以上受教育年限,铁岭
63.16%,15-59岁,铁岭
10.02%,0-14岁,铁岭
49.97,女,铁岭
50.03,男,铁岭
2388294,总人口,铁岭
平凉,男,50.03
铁岭,男,50.03
鞍山,女,49.9
锦州,0-14岁,9.69%
阜新,0-14岁,10.42%
铁岭,0-14岁,10.02%
全省,15岁以上受教育年限,9.70  
伊犁哈萨克自治州直属县,15岁以上受教育年限,9.85
新余,15岁以上受教育年限,9.85
景德镇,大学（大专及以上）,11972
宜春,大学（大专及以上）,8635
九江,高中（含中专）,16425
赣州,高中（含中专）,15413
宜春,高中（含中专）,14611
上饶,初中,33905
本溪,总人口,1326018
17393,初中,阜新
46439,初中,阜新
17712,高中（含中专）,阜新
13261,大学（大专及以上）,阜新
10.07,15岁以上受教育年限,阜新
63.27%,15-59岁,阜新
10.42%,0-14岁,阜新
50.67,女,阜新
49.33,男,阜新
1647280,总人口,阜新
17059,初中,盘锦
41773,初中,盘锦
16429,高中（含中专）,盘锦
18908,大学（大专及以上）,盘锦
10.55,15岁以上受教育年限,盘锦
65.31%,15-59岁,盘锦
12.02%,0-14岁,盘锦
50.18,女,盘锦
49.82,男,盘锦
1389691,总人口,盘锦
葫芦岛,总人口,2434194
盐城,女,49.63
锦州,男,49.63
泰州,男,50.11
辽阳,女,50.11
抚顺,0-14岁,8.94%
8970014,总人口,赣州
26840,初中,赣州
38213,初中,赣州
15413,高中（含中专）,赣州
9346,大学（大专及以上）,赣州
9.56,15岁以上受教育年限,赣州
15.64%,60岁及以上,赣州
61.26%,15-59岁,赣州
23.09%,0-14岁,赣州
48.68,女,赣州
51.32,男,赣州
抚州,男,51.7
宜春,女,48.35
萍乡,0-14岁,20.10%
上饶,0-14岁,23.23%
新余,15-59岁,61.59%
眉山,15-59岁,61.26%
赣州,15-59岁,61.26%
宜春,15-59岁,59.05%
鹰潭,大学（大专及以上）,10038
吉安,大学（大专及以上）,8078
南昌,高中（含中专）,16382
新余,高中（含中专）,16185
全省,初中,35501  
萍乡,初中,40012
鹰潭,初中,27011
宜春,初中,27256
上饶,初中,30948
沈阳,总人口,9027781
18862,初中,大连
35323,初中,大连
16095,高中（含中专）,大连
23593,大学（大专及以上）,大连
10.82,15岁以上受教育年限,大连
63.64%,15-59岁,大连
11.65%,0-14岁,大连
50.2,女,大连
49.8,男,大连
7450785,总人口,大连
23544,初中,丹东
45225,初中,丹东
12924,高中（含中专）,丹东
12941,大学（大专及以上）,丹东
9.64,15岁以上受教育年限,丹东
61.17%,15-59岁,丹东
9.79%,0-14岁,丹东
50.28,女,丹东
49.72,男,丹东
2188436,总人口,丹东
南昌,女,47.65
全省,0-14岁,21.96  %
云浮,60岁及以上,17.44%
南昌,0-14岁,17.44%
吉安,0-14岁,24.97%
九江,15-59岁,61.37%
抚州,15-59岁,61.06%
南昌,60岁及以上,14.97%
赣州,60岁及以上,15.64%
宜春,15岁以上受教育年限,9.51
抚州,15岁以上受教育年限,9.08
抚州,高中（含中专）,11869
九江,初中,32464
新余,初中,35474
宜春,初中,40195
抚州,初中,36332
景德镇,初中,29882
15846,初中,抚顺
46884,初中,抚顺
17428,高中（含中专）,抚顺
14983,大学（大专及以上）,抚顺
10.18,15岁以上受教育年限,抚顺
60.21%,15-59岁,抚顺
8.94%,0-14岁,抚顺
50.39,女,抚顺
49.61,男,抚顺
1731864,总人口,抚顺
锦州,总人口,2703853
辽阳,总人口,1604580
朝阳,总人口,2872857
萍乡,60岁及以上,19.35%
全省,高中（含中专）,15145  
景德镇,高中（含中专）,14006
鹰潭,高中（含中专）,19290
上饶,高中（含中专）,15986
鹰潭,初中,35229
全省,初中,27514  
鄂尔多斯,初中,24530
萍乡,初中,24530
赣州,初中,26840
15839,初中,鞍山
51329,初中,鞍山
14958,高中（含中专）,鞍山
13221,大学（大专及以上）,鞍山
10.08,15岁以上受教育年限,鞍山
62.29%,15-59岁,鞍山
10.45%,0-14岁,鞍山
49.9,女,鞍山
50.1,男,鞍山
3325372,总人口,鞍山
20513,初中,锦州
47207,初中,锦州
12688,高中（含中专）,锦州
15221,大学（大专及以上）,锦州
9.96,15岁以上受教育年限,锦州
61.72%,15-59岁,锦州
9.69%,0-14岁,锦州
50.37,女,锦州
49.63,男,锦州
2703853,总人口,锦州
铁岭,总人口,2388294
27458,初中,朝阳
41908,初中,朝阳
11840,高中（含中专）,朝阳
11419,大学（大专及以上）,朝阳
9.37,15岁以上受教育年限,朝阳
61.52%,15-59岁,朝阳
14.15%,0-14岁,朝阳
49.42,女,朝阳
50.58,男,朝阳
2872857,总人口,朝阳
全  省,男,49.92
泰州,女,49.89
辽阳,男,49.89
大连,0-14岁,11.65%
本溪,15-59岁,62.00%
抚顺,15岁以上受教育年限,10.18
沈阳,大学（大专及以上）,27565
阜新,大学（大专及以上）,13261
萍乡,大学（大专及以上）,12041
九江,大学（大专及以上）,13296
新余,大学（大专及以上）,13324
上饶,大学（大专及以上）,8616
新余,初中,24806
13144,初中,沈阳
37147,初中,沈阳
16741,高中（含中专）,沈阳
27565,大学（大专及以上）,沈阳
11.4,15岁以上受教育年限,沈阳
65.36%,15-59岁,沈阳
11.40%,0-14岁,沈阳
50.16,女,沈阳
49.84,男,沈阳
9027781,总人口,沈阳
扬州,男,49.8
大连,男,49.8
鞍山,男,50.1
乐山,女,49.82
盘锦,男,49.82
乐山,男,50.18
盘锦,女,50.18
平凉,女,49.97
铁岭,女,49.97
沈阳,0-14岁,11.40%
营口,0-14岁,11.56%
盘锦,0-14岁,12.02%
葫芦岛,15-59岁,61.55%
阜新,15岁以上受教育年限,10.07
葫芦岛,大学（大专及以上）,11904
丹东,高中（含中专）,12924
营口,初中,48720
葫芦岛,初中,46723
赣州,初中,38213
吉安,初中,36661
南昌,初中,20069
吉安,初中,31914
阜新,男,49.33
盐城,男,50.37
锦州,女,50.37
沈抚示范区,0-14岁,10.45%
鞍山,0-14岁,10.45%
朝阳,0-14岁,14.15%
沈阳,15岁以上受教育年限,11.4
   河源,15岁以上受教育年限,10.29
荆门,15岁以上受教育年限,10.29
本溪,15岁以上受教育年限,10.29
辽阳,大学（大专及以上）,14258
朝阳,大学（大专及以上）,11419
沈抚示范区,高中（含中专）,13884
大连,初中,35323
抚顺,初中,46884
朝阳,初中,41908
沈阳,初中,13144
本溪,初中,15908
黔东南州,男,51.58
黄冈,男,51.58
无锡,男,51.58
镇江,男,50.82
阜新,总人口,1647280
盘锦,总人口,1389691
沈抚示范区,总人口,171820
沈阳,男,49.84
沈阳,女,50.16
扬州,女,50.2
大连,女,50.2
锦州,15-59岁,61.72%
盘锦,15岁以上受教育年限,10.55
铁岭,大学（大专及以上）,9606
沈阳,高中（含中专）,16741
大连,高中（含中专）,16095
辽阳,高中（含中专）,13505
本溪,初中,46548
锦州,初中,47207
阜新,初中,46439
阜新,初中,17393
20.01%,60岁及以上,常州
66.73%,15-59岁,常州
13.26%,0-14岁,常州
5278121,总人口,常州
10.57  ,15岁以上受教育年限,常州
48.62,女,常州
51.38,男,常州
20.40%,60岁及以上,连云港
58.20%,15-59岁,连云港
21.40%,0-14岁,连云港
4599360,总人口,连云港
10.05    ,15岁以上受教育年限,连云港
49.23,女,连云港
50.77,男,连云港
28.25%,60岁及以上,泰州
59.39%,15-59岁,泰州
12.36%,0-14岁,泰州
4512762,总人口,泰州
9.56    ,15岁以上受教育年限,泰州
49.89,女,泰州
50.11,男,泰州
宿迁,总人口,4986192
23607,初中,葫芦岛
46723,初中,葫芦岛
11718,高中（含中专）,葫芦岛
11904,大学（大专及以上）,葫芦岛
9.59,15岁以上受教育年限,葫芦岛
61.55%,15-59岁,葫芦岛
12.90%,0-14岁,葫芦岛
49.47,女,葫芦岛
50.53,男,葫芦岛
2434194,总人口,葫芦岛
武威,男,50.53
葫芦岛,男,50.53
本溪,0-14岁,8.99%
辽阳,0-14岁,9.83%
阜新,15-59岁,63.27%
辽阳,15-59岁,62.26%
营口,15岁以上受教育年限,9.73
惠州,15岁以上受教育年限,9.29
荆州,15岁以上受教育年限,9.29
铁岭,15岁以上受教育年限,9.29
沈抚示范区,15岁以上受教育年限,10.84
抚顺,大学（大专及以上）,14983
本溪,大学（大专及以上）,16567
丹东,大学（大专及以上）,12941
阜新,高中（含中专）,17712
葫芦岛,高中（含中专）,11718
丹东,初中,23544
朝阳,初中,27458
16.96%,60岁及以上,苏州
69.49%,15-59岁,苏州
13.55%,0-14岁,苏州
12748262,总人口,苏州
10.67    ,15岁以上受教育年限,苏州
47.78,女,苏州
52.22,男,苏州
22.79%,60岁及以上,淮安
59.50%,15-59岁,淮安
17.70%,0-14岁,淮安
4556230,总人口,淮安
9.55    ,15岁以上受教育年限,淮安
49.99,女,淮安
50.01,男,淮安
18.58%,60岁及以上,宿迁
57.94%,15-59岁,宿迁
23.48%,0-14岁,宿迁
4986192,总人口,宿迁
9.51    ,15岁以上受教育年限,宿迁
49.53,女,宿迁
50.47,男,宿迁
泉州,女,47.78
苏州,女,47.78
14896,初中,沈抚示范区
43072,初中,沈抚示范区
13884,高中（含中专）,沈抚示范区
22982,大学（大专及以上）,沈抚示范区
10.84,15岁以上受教育年限,沈抚示范区
67.04%,15-59岁,沈抚示范区
10.45%,0-14岁,沈抚示范区
49.87,女,沈抚示范区
50.13,男,沈抚示范区
171820,总人口,沈抚示范区
丹东,0-14岁,9.79%
葫芦岛,0-14岁,12.90%
沈阳,15-59岁,65.36%
延安,15岁以上受教育年限,9.64
深圳,15岁以上受教育年限,9.64
黄石,15岁以上受教育年限,9.64
丹东,15岁以上受教育年限,9.64
海西州,15岁以上受教育年限,9.59
葫芦岛,15岁以上受教育年限,9.59
营口,大学（大专及以上）,12958
盘锦,大学（大专及以上）,18908
鞍山,高中（含中专）,14958
营口,高中（含中专）,10855
沈阳,初中,37147
沈抚示范区,初中,14896
徐州,男,50.41
30.01%,60岁及以上,南通
59.09%,15-59岁,南通
10.90%,0-14岁,南通
7726635,总人口,南通
9.66    ,15岁以上受教育年限,南通
50.75,女,南通
49.25,男,南通
23.56%,60岁及以上,镇江
64.55%,15-59岁,镇江
11.89%,0-14岁,镇江
3210418,总人口,镇江
10.31    ,15岁以上受教育年限,镇江
49.18,女,镇江
50.82,男,镇江
黔东南州,女,48.42
黄冈,女,48.42
无锡,女,48.42
镇江,女,49.18
扬州,15岁以上受教育年限,9.73    
无锡,总人口,7462135
南通,总人口,7726635
大连,15-59岁,63.64%
兴安盟,15岁以上受教育年限,9.37
朝阳,15岁以上受教育年限,9.37
铁岭,高中（含中专）,10825
鞍山,初中,51329
丹东,初中,45225
鞍山,初中,15839
锦州,初中,20513
18.98%,60岁及以上,南京
68.27%,15-59岁,南京
12.75%,0-14岁,南京
9314685,总人口,南京
11.76    ,15岁以上受教育年限,南京
48.95,女,南京
51.05,男,南京
19.51%,60岁及以上,徐州
58.13%,15-59岁,徐州
22.36%,0-14岁,徐州
9.68    ,15岁以上受教育年限,徐州
49.59,女,徐州
50.41,男,徐州
淮安,男,50.01
26.01%,60岁及以上,扬州
62.42%,15-59岁,扬州
11.57%,0-14岁,扬州
4559797,总人口,扬州
9.73    ,15岁以上受教育年限,扬州
50.2,女,扬州
49.8,男,扬州
无锡,15岁以上受教育年限,10.74    
南京,总人口,9314685
淮安,0-14岁,17.70%
淮安,15-59岁,59.50%
宿迁,15-59岁,57.94%
全省,60岁及以上,21.84%
徐州,60岁及以上,19.51%
泰州,60岁及以上,28.25%
宁波,总人口,9404283
鞍山,15-59岁,62.29%
大连,15岁以上受教育年限,10.82
韶关,15岁以上受教育年限,9.96
鄂州,15岁以上受教育年限,9.96
辽阳,15岁以上受教育年限,9.96
锦州,15岁以上受教育年限,9.96
大连,大学（大专及以上）,23593
沈抚示范区,大学（大专及以上）,22982
兴安盟,大学（大专及以上）,12688
锦州,高中（含中专）,12688
辽阳,初中,47615
大连,初中,18862
营口,初中,22337
辽阳,初中,20410
连云港,男,50.77
淮安,女,49.99
苏州,15岁以上受教育年限,10.67    
南通,15岁以上受教育年限,9.66    
连云港,15岁以上受教育年限,10.05    
淮安,15岁以上受教育年限,9.55    
盐城,15岁以上受教育年限,9.21    
南通,15-59岁,59.09%
镇江,15-59岁,64.55%
定西,0-14岁,20.01%
常州,60岁及以上,20.01%
朝阳,15-59岁,61.52%
鞍山,大学（大专及以上）,13221
锦州,大学（大专及以上）,15221
盘锦,初中,41773
沈抚示范区,初中,43072
葫芦岛,初中,23607
徐州,女,49.59
连云港,女,49.23
徐州,15岁以上受教育年限,9.68    
常州,15岁以上受教育年限,10.57  
9083790,总人口,徐 州
扬州,总人口,4559797
南通,0-14岁,10.90%
连云港,0-14岁,21.40%
扬州,0-14岁,11.57%
徐州,15-59岁,58.13%
扬州,60岁及以上,26.01%
6622888,总人口,台州
湘潭,总人口, 2726181
本溪,高中（含中专）,16233
盘锦,高中（含中专）,16429
朝阳,高中（含中专）,11840
铁岭,初中,49477
盘锦,初中,17059
铁岭,初中,25565
泉州,男,52.22
苏州,男,52.22
18277,初中,阿拉善盟
28484,初中,阿拉善盟
17458,高中（含中专）,阿拉善盟
25893,大学（大专及以上）,阿拉善盟
10.94,15岁以上受教育年限,阿拉善盟
14.37%,60岁及以上,
                    ,阿拉善盟,
71.59%,15-59岁,阿拉善盟
14.04%,0-14岁,阿拉善盟
46.83,女,阿拉善盟
53.17,男,阿拉善盟
262361,总人口,阿拉善盟
乌海,男,52.29
赤峰,15-59岁,63.61%
哈密,15岁以上受教育年限,10. 69
乌海,15岁以上受教育年限,10. 69
阿拉善盟,15岁以上受教育年限,10.94
阿拉善盟,大学（大专及以上）,25893
兴安盟,高中（含中专）,12832
乌兰察布,高中（含中专）,12925
兴安盟,初中,36198
鄂尔多斯,初中,28048
通辽,初中,25291
乌兰察布,初中,29368
德阳,总人口,3456161
抚顺,初中,15846
19.75%,60岁及以上,无锡
67.29%,15-59岁,无锡
12.96%,0-14岁,无锡
7462135,总人口,无锡
10.74    ,15岁以上受教育年限,无锡
48.42,女,无锡
51.58,男,无锡
27.32%,60岁及以上,盐城
57.64%,15-59岁,盐城
15.03%,0-14岁,盐城
6709629,总人口,盐城
9.21    ,15岁以上受教育年限,盐城
49.63,女,盐城
50.37,男,盐城
南京,15岁以上受教育年限,11.76    
镇江,总人口,3210418
泰州,总人口,4512762
盐城,15-59岁,57.64%
11936010,总人口,杭州
3367579,总人口,湖州
7050683,总人口,金华
49.26,女,湘潭
50.74,男,湘潭
10.48,15岁以上受教育年限,湘潭
21.93%,60岁及以上,湘潭
62.53%,15-59岁,湘潭
15.54%,0-14岁,湘潭
 2726181,总人口,湘潭
49.14,女,张家界
50.86,男,张家界
9.27,15岁以上受教育年限,张家界
21.76%,60岁及以上,张家界
60.28%,15-59岁,张家界
17.96%,0-14岁,张家界
1517027,总人口,张家界
48.55,女,湘西自治州
51.45,男,湘西自治州
8.88,15岁以上受教育年限,湘西自治州
18.99%,60岁及以上,湘西自治州
59.73%,15-59岁,湘西自治州
21.28%,0-14岁,湘西自治州
2488105,总人口,湘西自治州
株洲,0-14岁,18.28%
　　株洲,0-14岁,18.28%
娄底,0-14岁,22.51%
全省,60岁及以上,19.88%
邵阳,60岁及以上,20.75%
庆阳,15岁以上受教育年限,8.88
湘西自治州,15岁以上受教育年限,8.88
遂宁,男,50.74
湘潭,男,50.74
全省,男,51.68
邵阳,男,51.68
全省,15岁以上受教育年限,10.21    
徐 州,总人口,9083790
淮安,总人口,4556230
甘南州,0-14岁,22.36%
达州,60岁及以上,
                    ,22.36%,
徐州,0-14岁,22.36%
苏州,0-14岁,13.55%
泰州,0-14岁,12.36%
无锡,15-59岁,67.29%
梅州,15-59岁,62.42%
孝感,15-59岁,62.42%
扬州,15-59岁,62.42%
9404283,总人口,宁波
绍兴,总人口,5270977
衢州,总人口,2276184
舟山,总人口,1157817
台州,总人口,6622888
株洲,总人口,3902738
48.43,女,衡阳
51.57,男,衡阳
9.46,15岁以上受教育年限,衡阳
20.19%,60岁及以上,衡阳
58.80%,15-59岁,衡阳
21.00%,0-14岁,衡阳
6645243,总人口,衡阳
张家界,总人口,1517027
益阳,总人口,3851564
娄底,总人口,3826996
湘西自治州,总人口,2488105
18.28%,0-14岁,　　株洲
镇江,15岁以上受教育年限,10.31    
泰州,15岁以上受教育年限,9.56    
宿迁,15岁以上受教育年限,9.51    
常州,总人口,5278121
苏州,总人口,12748262
连云港,总人口,4599360
南京,0-14岁,12.75%
无锡,0-14岁,12.96%
常州,0-14岁,13.26%
镇江,0-14岁,11.89%
宿迁,0-14岁,23.48%
淮安,60岁及以上,22.79%
宿迁,60岁及以上,18.58%
张家界,0-14岁,17.96%
湘西自治州,15-59岁,59.73%
张家界,男,50.86
益阳,男,50.73
全省,女,48.32
邵阳,女,48.32
永州,女,47.95
娄底,女,48.77
盐城,总人口,6709629
盐城,0-14岁,15.03%
昌吉回族自治州,15-59岁,69.49%
苏州,15-59岁,69.49%
南京,60岁及以上,18.98%
平潭,60岁及以上,16.96%
苏州,60岁及以上,16.96%
连云港,60岁及以上,20.40%
盐城,60岁及以上,27.32%
嘉兴,总人口,5400868
5270977,总人口,绍兴
丽水,总人口,2507396
长沙,总人口,10047914
49.31,女,株洲
50.69,男,株洲
10.21,15岁以上受教育年限,株洲
19.92%,60岁及以上,株洲
61.80%,15-59岁,株洲
18.28%,0-14岁,株洲
3902738,总人口,株洲
48.32,女,邵阳
51.68,男,邵阳
9.47,15岁以上受教育年限,邵阳
20.75%,60岁及以上,邵阳
56.72%,15-59岁,邵阳
22.53%,0-14岁,邵阳
6563520,总人口,邵阳
常德,总人口,5279102
怀化,总人口,4587594
19.52%,0-14岁,　　全省
长沙,0-14岁,16.64%
　　长沙,0-14岁,16.64%
呼和浩特,女,49.5
呼和浩特,15-59岁,68.06%
兴安盟,15-59岁,67.50%
南京,15-59岁,68.27%
常州,15-59岁,66.73%
连云港,15-59岁,58.20%
汕尾,15-59岁,59.39%
黄冈,15-59岁,59.39%
泰州,15-59岁,59.39%
南通,60岁及以上,30.01%
杭州,总人口,11936010
9572903,总人口,温州
1157817,总人口,舟山
48.8,女,岳阳
51.2,男,岳阳
10.06,15岁以上受教育年限,岳阳
20.27%,60岁及以上,岳阳
61.27%,15-59岁,岳阳
18.46%,0-14岁,岳阳
5051922,总人口,岳阳
48.52,女,怀化
51.48,男,怀化
9.16,15岁以上受教育年限,怀化
21.08%,60岁及以上,怀化
58.67%,15-59岁,怀化
20.24%,0-14岁,怀化
4587594,总人口,怀化
益阳,0-14岁,17.71%
邵阳,15-59岁,56.72%
长沙,60岁及以上,15.33%
岳阳,60岁及以上,20.27%
常德,60岁及以上,25.02%
张家界,60岁及以上,21.76%
永州,60岁及以上,19.63%
怀化,60岁及以上,21.08%
岳阳,15岁以上受教育年限,10.06
莆田,总人口,3210714
镇江,60岁及以上,23.56%
64567588,总人口,全 省
温州,总人口,9572903
湖州,总人口,3367579
金华,总人口,7050683
2507396,总人口,丽水
衡阳,总人口,6645243
邵阳,总人口,6563520
47.95,女,永州
52.05,男,永州
9.28,15岁以上受教育年限,永州
19.63%,60岁及以上,永州
57.41%,15-59岁,永州
22.95%,0-14岁,永州
5289824,总人口,永州
衡阳,0-14岁,21.00%
　　衡阳,0-14岁,21.00%
永州,0-14岁,22.95%
长沙,15-59岁,68.03%
湘潭,15-59岁,62.53%
衡阳,15-59岁,58.80%
怀化,15-59岁,58.67%
株洲,60岁及以上,19.92%
湘潭,60岁及以上,21.93%
包头,60岁及以上,
                    ,20.19%,
衡阳,60岁及以上,20.19%
益阳,60岁及以上,22.65%
郴州,60岁及以上,17.74%
5400868,总人口,嘉兴
2276184,总人口,衢州
49.87,女,常德
50.13,男,常德
9.5,15岁以上受教育年限,常德
25.02%,60岁及以上,常德
60.10%,15-59岁,常德
14.87%,0-14岁,常德
5279102,总人口,常德
湘潭,0-14岁,15.54%
　　湘潭,0-14岁,15.54%
常德,0-14岁,14.87%
怀化,0-14岁,20.24%
湘西自治州,0-14岁,21.28%
岳阳,15-59岁,61.27%
常德,15-59岁,60.10%
娄底,15-59岁,58.18%
永州,15岁以上受教育年限,9.28
9912,15岁以上受教育年限,漳州
17.93%,60岁及以上,漳州
62.20%,15-59岁,漳州
19.87%,0-14岁,漳州
48.58,女,漳州
51.42,男,漳州
5054328,总人口,漳州
宁德,男,52.17
平潭,15岁以上受教育年限,11976
9.96,15岁以上受教育年限,鄂州
18.54%,60岁及以上,鄂州
63.47%,15-59岁,鄂州
18.00%,0-14岁,鄂州
47.94,女,鄂州
52.06,男,鄂州
1079353,总人口,鄂州
孝感,总人口,4270371
9.3,15岁以上受教育年限,恩施
20.55%,60岁及以上,恩施
61.53%,15-59岁,恩施
17.92%,0-14岁,恩施
48.86,女,恩施
51.14,男,恩施
3456136,总人口,恩施
武汉,男,51.94
天门,男,52.33
海东,女,49.06
庆阳,女,49.06
荆州,女,49.06
49.39,女,长沙
50.61,男,长沙
11.52,15岁以上受教育年限,长沙
15.33%,60岁及以上,长沙
68.03%,15-59岁,长沙
16.64%,0-14岁,长沙
10047914,总人口,长沙
49.27,女,益阳
50.73,男,益阳
9.31,15岁以上受教育年限,益阳
22.65%,60岁及以上,益阳
59.65%,15-59岁,益阳
17.71%,0-14岁,益阳
3851564,总人口,益阳
郴州,总人口,4667134
永州,总人口,5289824
48.77,女,娄底
51.23,男,娄底
9.7,15岁以上受教育年限,娄底
19.31%,60岁及以上,娄底
58.18%,15-59岁,娄底
22.51%,0-14岁,娄底
3826996,总人口,娄底
娄底,60岁及以上,19.31%
平凉,60岁及以上,
                    ,18.99%,
湘西自治州,60岁及以上,18.99%
全省,15岁以上受教育年限,9.88    
长沙,15岁以上受教育年限,11.52
全省,男,51.16
郴州,男,51.73
长沙,女,49.39
漳州,总人口,5054328
南平,女,49.01
福州,0-14岁,17.08%
厦门,60岁及以上,9.56%
泉州,15岁以上受教育年限,10495
龙岩,15岁以上受教育年限,11845
武汉,总人口,12326518
10.29,15岁以上受教育年限,荆门
22.84%,60岁及以上,荆门
63.60%,15-59岁,荆门
13.56%,0-14岁,荆门
49.3,女,荆门
50.7,男,荆门
2596927,总人口,荆门
岳阳,总人口,5051922
48.27,女,郴州
51.73,男,郴州
9.58,15岁以上受教育年限,郴州
17.74%,60岁及以上,郴州
59.12%,15-59岁,郴州
23.14%,0-14岁,郴州
4667134,总人口,郴州
16.64%,0-14岁,　　长沙
15.54%,0-14岁,　　湘潭
22.53%,0-14岁,　　邵阳
岳阳,0-14岁,18.46%
湘潭,15岁以上受教育年限,10.48
衡阳,男,51.57
娄底,男,51.23
遂宁,女,49.26
湘潭,女,49.26
郴州,女,48.27
甘孜藏族自治州,女,48.55
湘西自治州,女,48.55
41540086,总人口,全  省
厦门,总人口,5163970
9834,15岁以上受教育年限,宁德
18.36%,60岁及以上,宁德
61.00%,15-59岁,宁德
20.64%,0-14岁,宁德
47.83,女,宁德
52.17,男,宁德
3146789,总人口,宁德
三明,女,48.37
漳州,0-14岁,19.87%
平潭,0-14岁,19.87%
莆田,15-59岁,61.28%
9.54,15岁以上受教育年限,十堰
19.03%,60岁及以上,十堰
62.28%,15-59岁,十堰
18.70%,0-14岁,十堰
48.52,女,十堰
51.48,男,十堰
3209004,总人口,十堰
鄂州,总人口,1079353
21.00%,0-14岁,　　衡阳
娄底,15岁以上受教育年限,9.7
11976,15岁以上受教育年限,平潭
16.96%,60岁及以上,平潭
63.17%,15-59岁,平潭
19.87%,0-14岁,平潭
49.4,女,平潭
50.6,男,平潭
385981,总人口,平潭
9807,15岁以上受教育年限,莆田
17.99%,60岁及以上,莆田
61.28%,15-59岁,莆田
20.73%,0-14岁,莆田
49.52,女,莆田
50.48,男,莆田
3210714,总人口,莆田
全省,男,51.42
漳州,男,51.42
宁德,女,47.83
榆林,15-59岁,62.20%
漳州,15-59岁,62.20%
龙岩,15-59岁,59.90%
9.62,15岁以上受教育年限,襄阳
20.70%,60岁及以上,襄阳
61.87%,15-59岁,襄阳
17.43%,0-14岁,襄阳
49.41,女,襄阳
50.59,男,襄阳
5260951,总人口,襄阳
恩施,总人口,3456136
8.81,15岁以上受教育年限,天门
25.81%,60岁及以上,天门
56.94%,15-59岁,天门
17.26%,0-14岁,天门
47.67,女,天门
52.33,男,天门
1158640,总人口,天门
仙桃,男,52.52
神农架,男,52.99
孝感,女,48.2
   河源,0-14岁,13.56%
荆门,0-14岁,13.56%
汕尾,0-14岁,19.25%
黄冈,0-14岁,19.25%
9.64,15岁以上受教育年限,深圳
17.02%,60岁及以上,深圳
61.11%,15-59岁,深圳
21.87%,0-14岁,深圳
清远,0-14岁,23.33%
通辽,总人口,2873168
通辽市,总人口,2873168
赤峰,总人口,4035967
赤峰市,总人口,4035967
株洲,15-59岁,61.80%
张家界,15-59岁,60.28%
益阳,15-59岁,59.65%
郴州,15-59岁,59.12%
永州,15-59岁,57.41%
衡阳,15岁以上受教育年限,9.46
甘孜藏族自治州,男,51.45
湘西自治州,男,51.45
全省,女,48.84
张家界,女,49.14
益阳,女,49.27
南平,总人口,2680645
龙岩,总人口,2723637
厦门,男,52.68
厦门,女,47.32
资阳,女,49.52
莆田,女,49.52
福州,15-59岁,66.16%
漳州,60岁及以上,17.93%
三明,15岁以上受教育年限,11827
黄石,总人口,2469079
荆门,总人口,2596927
攀枝花,15岁以上受教育年限,9.47
邵阳,15岁以上受教育年限,9.47
长沙,男,50.61
衡阳,女,48.43
福州,总人口,8291268
平潭,总人口,385981
26940,15岁以上受教育年限,厦门
9.56%,60岁及以上,厦门
73.28%,15-59岁,厦门
17.16%,0-14岁,厦门
47.32,女,厦门
52.68,男,厦门
5163970,总人口,厦门
泉州,总人口,8782285
宁德,总人口,3146789
南平,男,50.99
龙岩,男,51.25
龙岩,女,48.75
泉州,0-14岁,20.62%
厦门,15-59岁,73.28%
,15岁以上受教育年限,（大专及以上）
11.96,15岁以上受教育年限,武汉
17.23%,60岁及以上,武汉
69.72%,15-59岁,武汉
13.05%,0-14岁,武汉
48.06,女,武汉
51.94,男,武汉
12326518,总人口,武汉
襄阳,总人口,5260951
9.07,15岁以上受教育年限,孝感
20.83%,60岁及以上,孝感
62.42%,15-59岁,孝感
16.75%,0-14岁,孝感
48.2,女,孝感
51.8,男,孝感
4270371,总人口,孝感
咸宁,总人口,2658316
鄂州,男,52.06
咸宁,女,48.34
永州,男,52.05
18589,15岁以上受教育年限,福州
16.76%,60岁及以上,福州
66.16%,15-59岁,福州
17.08%,0-14岁,福州
48.72,女,福州
51.28,男,福州
8291268,总人口,福州
11827,15岁以上受教育年限,三明
19.18%,60岁及以上,三明
60.19%,15-59岁,三明
20.63%,0-14岁,三明
48.37,女,三明
51.63,男,三明
2486450,总人口,三明
10481,15岁以上受教育年限,南平
20.85%,60岁及以上,南平
61.08%,15-59岁,南平
18.07%,0-14岁,南平
49.01,女,南平
50.99,男,南平
2680645,总人口,南平
厦门,0-14岁,17.16%
宁德,0-14岁,20.64%
平潭,15-59岁,63.17%
全省,60岁及以上,15.98%
黔南州,60岁及以上,
                    ,16.76%,
福州,60岁及以上,16.76%
三明,60岁及以上,19.18%
泉州,60岁及以上,13.21%
,总人口,
（大专及以上）,15岁以上受教育年限,
莆田,15岁以上受教育年限,9807
南平,15岁以上受教育年限,10481
9.64,15岁以上受教育年限,黄石
17.02%,60岁及以上,黄石
61.11%,15-59岁,黄石
21.87%,0-14岁,黄石
48.11,女,黄石
51.89,男,黄石
2469079,总人口,黄石
9.29,15岁以上受教育年限,荆州
23.69%,60岁及以上,荆州
61.12%,15-59岁,荆州
15.19%,0-14岁,荆州
49.06,女,荆州
50.94,男,荆州
5231180,总人口,荆州
仙桃,总人口,1134715
潜江,总人口,886547
天门,总人口,1158640
神农架,总人口,66571
三明,总人口,2486450
11845,15岁以上受教育年限,龙岩
18.24%,60岁及以上,龙岩
59.90%,15-59岁,龙岩
21.86%,0-14岁,龙岩
48.75,女,龙岩
51.25,男,龙岩
2723637,总人口,龙岩
三明,男,51.63
庆阳,15-59岁,60.19%
三明,15-59岁,60.19%
龙岩,60岁及以上,18.24%
漳州,15岁以上受教育年限,9912
宁德,15岁以上受教育年限,9834
十堰,总人口,3209004
10.23,15岁以上受教育年限,宜昌
24.95%,60岁及以上,宜昌
63.33%,15-59岁,宜昌
11.72%,0-14岁,宜昌
49.22,女,宜昌
50.78,男,宜昌
4017607,总人口,宜昌
荆州,总人口,5231180
孝感,男,51.8
海东,男,50.94
庆阳,男,50.94
荆州,男,50.94
汕头,0-14岁,11.72%
宜昌,0-14岁,11.72%
阳江,0-14岁,16.42%
仙桃,0-14岁,16.42%
深圳,15-59岁,61.11%
黄石,15-59岁,61.11%
   河源,15-59岁,63.60%
荆门,15-59岁,63.60%
惠州,15-59岁,61.12%
荆州,15-59岁,61.12%
茂名,15-59岁,56.94%
天门,15-59岁,56.94%
深圳,60岁及以上,17.02%
黄石,60岁及以上,17.02%
   河源,60岁及以上,22.84%
荆门,60岁及以上,22.84%
10495,15岁以上受教育年限,泉州
13.21%,60岁及以上,泉州
66.17%,15-59岁,泉州
20.62%,0-14岁,泉州
47.78,女,泉州
52.22,男,泉州
8782285,总人口,泉州
资阳,男,50.48
莆田,男,50.48
全省,女,48.58
漳州,女,48.58
龙岩,0-14岁,21.86%
南平,15-59岁,61.08%
宁德,15-59岁,61.00%
莆田,60岁及以上,17.99%
宁德,60岁及以上,18.36%
福州,15岁以上受教育年限,18589
宜昌,总人口,4017607
随州,总人口,2047923
8.79,15岁以上受教育年限,神农架
21.81%,60岁及以上,神农架
63.31%,15-59岁,神农架
14.88%,0-14岁,神农架
47.01,女,神农架
52.99,男,神农架
66571,总人口,神农架
襄阳,男,50.59
咸宁,男,51.66
襄阳,女,49.41
肇庆,0-14岁,14.88%
神农架,0-14岁,14.88%
汕头,15-59岁,63.33%
宜昌,15-59岁,63.33%
潮州,15-59岁,61.53%
江门,15-59岁,61.53%
恩施,15-59岁,61.53%
9.3,15岁以上受教育年限,江门
20.55%,60岁及以上,江门
61.53%,15-59岁,江门
17.92%,0-14岁,江门
8.61,15岁以上受教育年限,潮州
19.17%,60岁及以上,潮州
61.53%,15-59岁,潮州
19.30%,0-14岁,潮州
8.91,15岁以上受教育年限,黄冈
21.36%,60岁及以上,黄冈
59.39%,15-59岁,黄冈
19.25%,0-14岁,黄冈
48.42,女,黄冈
51.58,男,黄冈
5882719,总人口,黄冈
9.5,15岁以上受教育年限,咸宁
17.65%,60岁及以上,咸宁
60.65%,15-59岁,咸宁
21.70%,0-14岁,咸宁
48.34,女,咸宁
51.66,男,咸宁
2658316,总人口,咸宁
9.17,15岁以上受教育年限,仙桃
22.87%,60岁及以上,仙桃
60.71%,15-59岁,仙桃
16.42%,0-14岁,仙桃
47.48,女,仙桃
52.52,男,仙桃
1134715,总人口,仙桃
通辽,60岁及以上,
                    ,18.70%,
珠海,0-14岁,18.70%
十堰,0-14岁,18.70%
中山,15-59岁,61.18%
随州,15-59岁,61.18%
白银,60岁及以上,
                    ,19.03%,
珠海,60岁及以上,19.03%
十堰,60岁及以上,19.03%
惠州,60岁及以上,23.69%
荆州,60岁及以上,23.69%
铜川,15岁以上受教育年限,10.02
全省,15岁以上受教育年限,10.02
梅州,15岁以上受教育年限,9.07
孝感,15岁以上受教育年限,9.07
中山,15岁以上受教育年限,9.44
随州,15岁以上受教育年限,9.44
11.96,15岁以上受教育年限,广州
17.23%,60岁及以上,广州
69.72%,15-59岁,广州
13.05%,0-14岁,广州
10.29,15岁以上受教育年限,   河源
22.84%,60岁及以上,   河源
63.60%,15-59岁,   河源
13.56%,0-14岁,   河源
8.91,15岁以上受教育年限,汕尾
21.36%,60岁及以上,汕尾
59.39%,15-59岁,汕尾
19.25%,0-14岁,汕尾
9.5,15岁以上受教育年限,东莞
17.65%,60岁及以上,东莞
60.65%,15-59岁,东莞
21.70%,0-14岁,东莞
云浮,15-59岁,57.44%
遂宁,15岁以上受教育年限,8.61
潮州,15岁以上受教育年限,8.61
呼和浩特,大学（大专及以上）,30415
巴彦淖尔,大学（大专及以上）,15372
杨凌,初中,15754
巴彦淖尔,高中（含中专）,15754
5765775,总人口,曲靖
黄冈,总人口,5882719
9.78,15岁以上受教育年限,潜江
22.70%,60岁及以上,潜江
62.77%,15-59岁,潜江
14.54%,0-14岁,潜江
49.98,女,潜江
50.02,男,潜江
886547,总人口,潜江
黄石,男,51.89
资阳,0-14岁,16.75%
梅州,0-14岁,16.75%
孝感,0-14岁,16.75%
江门,0-14岁,17.92%
中山,0-14岁,17.92%
恩施,0-14岁,17.92%
随州,0-14岁,17.92%
佛山,15-59岁,61.87%
襄阳,15-59岁,61.87%
清远,15-59岁,60.34%
玉溪,总人口,2249502
昭通,总人口,5092611
楚雄,总人口,2416747
4478422,总人口,红河
2873168,总人口,通辽市
乌兰察布,总人口,1706328
阿拉善盟,总人口,262361
呼和浩特,男,50.5
阿拉善盟,男,53.17
全省,女,48.96
汉中,女,49.56
张掖,女,49.56
通辽,女,49.56
乌海,女,47.71
赤峰,0-14岁,15.34%
9.44,15岁以上受教育年限,随州
20.91%,60岁及以上,随州
61.18%,15-59岁,随州
17.92%,0-14岁,随州
49.12,女,随州
50.88,男,随州
2047923,总人口,随州
武汉,女,48.06
黄石,女,48.11
仙桃,女,47.48
咸阳,0-14岁,17.43%
佛山,0-14岁,17.43%
襄阳,0-14岁,17.43%
东莞,0-14岁,21.70%
咸宁,0-14岁,21.70%
肇庆,15-59岁,63.31%
神农架,15-59岁,63.31%
梅州,60岁及以上,20.83%
孝感,60岁及以上,20.83%
阳江,60岁及以上,22.87%
仙桃,60岁及以上,22.87%
10.23,15岁以上受教育年限,汕头
24.95%,60岁及以上,汕头
63.33%,15-59岁,汕头
11.72%,0-14岁,汕头
9.29,15岁以上受教育年限,惠州
23.69%,60岁及以上,惠州
61.12%,15-59岁,惠州
15.19%,0-14岁,惠州
9.17,15岁以上受教育年限,阳江
22.87%,60岁及以上,阳江
60.71%,15-59岁,阳江
16.42%,0-14岁,阳江
8.52,15岁以上受教育年限,清远
16.33%,60岁及以上,清远
60.34%,15-59岁,清远
23.33%,0-14岁,清远
揭阳,60岁及以上,16.11%
24530,初中,鄂尔多斯
28048,初中,鄂尔多斯
13905,高中（含中专）,鄂尔多斯
21267,大学（大专及以上）,鄂尔多斯
10.22,15岁以上受教育年限,鄂尔多斯
15.04%,60岁及以上,
                    ,鄂尔多斯,
66.88%,15-59岁,鄂尔多斯
18.08%,0-14岁,鄂尔多斯
46.37,女,鄂尔多斯
53.63,男,鄂尔多斯
2153638,总人口,鄂尔多斯
21412,初中,巴彦淖尔
36263,初中,巴彦淖尔
15754,高中（含中专）,巴彦淖尔
15372,大学（大专及以上）,巴彦淖尔
9.63,15岁以上受教育年限,巴彦淖尔
21.13%,60岁及以上,
                    ,巴彦淖尔,
66.22%,15-59岁,巴彦淖尔
12.65%,0-14岁,巴彦淖尔
48.94,女,巴彦淖尔
51.06,男,巴彦淖尔
1538715,总人口,巴彦淖尔
锡林郭勒盟,男,51.61
巴彦淖尔,女,48.94
呼伦贝尔,0-14岁,11.68%
呼伦贝尔,15-59岁,67.81%
随州,男,50.88
鄂州,女,47.94
广州,0-14岁,13.05%
武汉,0-14岁,13.05%
韶关,0-14岁,18.00%
鄂州,0-14岁,18.00%
珠海,15-59岁,62.28%
十堰,15-59岁,62.28%
阳江,15-59岁,60.71%
仙桃,15-59岁,60.71%
汕头,60岁及以上,24.95%
宜昌,60岁及以上,24.95%
韶关,60岁及以上,18.54%
鄂州,60岁及以上,18.54%
湛江,60岁及以上,22.70%
潜江,60岁及以上,22.70%
绵阳,15岁以上受教育年限,9.17
阳江,15岁以上受教育年限,9.17
仙桃,15岁以上受教育年限,9.17
9.78,15岁以上受教育年限,湛江
22.70%,60岁及以上,湛江
62.77%,15-59岁,湛江
14.54%,0-14岁,湛江
8.79,15岁以上受教育年限,肇庆
21.81%,60岁及以上,肇庆
63.31%,15-59岁,肇庆
14.88%,0-14岁,肇庆
鄂尔多斯,15-59岁,66.88%
巴彦淖尔,60岁及以上,
                    ,21.13%,
呼和浩特,15岁以上受教育年限,11. 30
包头,15岁以上受教育年限,10.77
呼伦贝尔,大学（大专及以上）,16604
锡林郭勒盟,大学（大专及以上）,18415
普洱,总人口,2404954
2257991,总人口,临沧
随州,女,49.12
天门,女,47.67
深圳,0-14岁,21.87%
黄石,0-14岁,21.87%
广州,15-59岁,69.72%
武汉,15-59岁,69.72%
湛江,15-59岁,62.77%
潜江,15-59岁,62.77%
全省,60岁及以上,20.42%
佛山,60岁及以上,20.70%
襄阳,60岁及以上,20.70%
东莞,60岁及以上,17.65%
咸宁,60岁及以上,17.65%
江门,60岁及以上,20.55%
恩施,60岁及以上,20.55%
德阳,60岁及以上,
                    ,25.81%,
茂名,60岁及以上,25.81%
天门,60岁及以上,25.81%
广州,15岁以上受教育年限,11.96
武汉,15岁以上受教育年限,11.96
榆林,15岁以上受教育年限,9.3
喀什地区,15岁以上受教育年限,9.3
江门,15岁以上受教育年限,9.3
恩施,15岁以上受教育年限,9.3
9.62,15岁以上受教育年限,佛山
20.70%,60岁及以上,佛山
61.87%,15-59岁,佛山
17.43%,0-14岁,佛山
9.44,15岁以上受教育年限,中山
20.91%,60岁及以上,中山
61.18%,15-59岁,中山
17.92%,0-14岁,中山
揭阳,0-14岁,25.53%
赤峰,60岁及以上,
                    ,21.05%,
通辽,15岁以上受教育年限,9. 65
锡林郭勒盟,15岁以上受教育年限,10.01
和田地区.,15岁以上受教育年限,9.03
乌兰察布,15岁以上受教育年限,9.03
昌吉回族自治州,15岁以上受教育年限,10.22
鄂尔多斯,15岁以上受教育年限,10.22
神农架,女,47.01
惠州,0-14岁,15.19%
荆州,0-14岁,15.19%
韶关,15-59岁,63.47%
鄂州,15-59岁,63.47%
中山,60岁及以上,20.91%
随州,60岁及以上,20.91%
遵义,15岁以上受教育年限,8.81
茂名,15岁以上受教育年限,8.81
天门,15岁以上受教育年限,8.81
9.96,15岁以上受教育年限,韶关
18.54%,60岁及以上,韶关
63.47%,15-59岁,韶关
18.00%,0-14岁,韶关
8.81,15岁以上受教育年限,茂名
25.81%,60岁及以上,茂名
56.94%,15-59岁,茂名
17.26%,0-14岁,茂名
8.68,15岁以上受教育年限,云浮
17.44%,60岁及以上,云浮
57.44%,15-59岁,云浮
25.12%,0-14岁,云浮
清远,60岁及以上,16.33%
揭阳,15岁以上受教育年限,       8..56
锡林郭勒盟,0-14岁,14.06%
巴彦淖尔,0-14岁,12.65%
锡林郭勒盟,15-59岁,68.08%
阿拉善盟,15-59岁,71.59%
锡林郭勒盟,60岁及以上,
                    ,17.86%,
乌兰察布,60岁及以上,
                    ,29.95%,
2431211,总人口,保山
保山,总人口,2431211
怒江,总人口,552694
30147,初中,兴安盟
36198,初中,兴安盟
12832,高中（含中专）,兴安盟
12688,大学（大专及以上）,兴安盟
9.37,15岁以上受教育年限,兴安盟
18.01%,60岁及以上,
                    ,兴安盟,
67.50%,15-59岁,兴安盟
14.49%,0-14岁,兴安盟
49.38,女,兴安盟
50.62,男,兴安盟
1416929,总人口,兴安盟
汕尾,60岁及以上,21.36%
黄冈,60岁及以上,21.36%
肇庆,60岁及以上,21.81%
神农架,60岁及以上,21.81%
汕头,15岁以上受教育年限,10.23
宜昌,15岁以上受教育年限,10.23
佛山,15岁以上受教育年限,9.62
襄阳,15岁以上受教育年限,9.62
商洛,15岁以上受教育年限,8.91
汕尾,15岁以上受教育年限,8.91
黄冈,15岁以上受教育年限,8.91
湛江,15岁以上受教育年限,9.78
潜江,15岁以上受教育年限,9.78
9.54,15岁以上受教育年限,珠海
19.03%,60岁及以上,珠海
62.28%,15-59岁,珠海
18.70%,0-14岁,珠海
9.07,15岁以上受教育年限,梅州
20.83%,60岁及以上,梅州
62.42%,15-59岁,梅州
16.75%,0-14岁,梅州
潮州,0-14岁,19.30%
揭阳,15-59岁,58.36%
潮州,60岁及以上,19.17%
清远,15岁以上受教育年限,8.52
8460088,总人口,昆明
曲靖,总人口,5765775
2404954,总人口,普洱
3337559,总人口,大理
迪庆,总人口,387511
包头,总人口,2709378
包头市,总人口,2709378
锡林郭勒盟,总人口,1107075
0.1769,初中,呼和浩特
27198,初中,呼和浩特
15675,高中（含中专）,呼和浩特
30415,大学（大专及以上）,呼和浩特
11. 30,15岁以上受教育年限,呼和浩特
18.03%,60岁及以上,
                    ,呼和浩特,
68.06%,15-59岁,呼和浩特
13.91%,0-14岁,呼和浩特
49.5,女,呼和浩特
50.5,男,呼和浩特
3446100,总人口,呼和浩特
       8..56,15岁以上受教育年限,揭阳
16.11%,60岁及以上,揭阳
58.36%,15-59岁,揭阳
25.53%,0-14岁,揭阳
安顺,0-14岁,25.12%
云浮,0-14岁,25.12%
巴彦淖尔,总人口,1538715
全省,男,51.04
鄂尔多斯,男,53.63
锡林郭勒盟,女,48.39
鄂尔多斯,女,46.37
呼和浩特,0-14岁,13.91%
乌兰察布,0-14岁,11.05%
通辽,15-59岁,66.79%
乌兰察布,15-59岁,59.01%
乌海,15-59岁,70.13%
呼伦贝尔,60岁及以上,
                    ,20.51%,
通辽,大学（大专及以上）,12983
昆明,总人口,8460088
2249502,总人口,玉溪
5092611,总人口,昭通
1253878,总人口,丽江
呼和浩特,总人口,3446100
呼和浩特市,总人口,3446100
2242875,总人口,呼伦贝尔市
临沧,总人口,2257991
1315709,总人口,德宏
3446100,总人口,呼和浩特市
2416747,总人口,楚雄
西双版纳,总人口,1301407
387511,总人口,迪庆
兴安盟,总人口,1416929
18729,初中,包头
32485,初中,包头
17553,高中（含中专）,包头
23318,大学（大专及以上）,包头
10.77,15岁以上受教育年限,包头
20.19%,60岁及以上,
                    ,包头,
66.70%,15-59岁,包头
13.11%,0-14岁,包头
49.3,女,包头
50.7,男,包头
2709378,总人口,包头
29133,初中,赤峰
34208,初中,赤峰
13844,高中（含中专）,赤峰
13827,大学（大专及以上）,赤峰
9.52,15岁以上受教育年限,赤峰
21.05%,60岁及以上,
                    ,赤峰,
63.61%,15-59岁,赤峰
15.34%,0-14岁,赤峰
49.22,女,赤峰
50.78,男,赤峰
4035967,总人口,赤峰
汉中,男,50.44
张掖,男,50.44
通辽,男,50.44
巴彦淖尔,男,51.06
通辽,0-14岁,14.52%
乌海,0-14岁,13.43%
包头,15-59岁,66.70%
全省,60岁及以上,
                    ,19.78%,
赤峰,大学（大专及以上）,13827
通辽,初中,40319
乌海,初中,34056
呼和浩特,初中,0.1769
巴彦淖尔,初中,21412
成都,总人口,20937757
34743,初中,广元
29837,初中,广元
13604,高中（含中专）,广元
10242,大学（大专及以上）,广元
8.7,15岁以上受教育年限,广元
24.50%,60岁及以上,
                    ,广元,
60.13%,15-59岁,广元
15.37%,0-14岁,广元
49.98,女,广元
50.02,男,广元
2305657,总人口,广元
32847,初中,遂宁
35840,初中,遂宁
12933,高中（含中专）,遂宁
7475,大学（大专及以上）,遂宁
8.61,15岁以上受教育年限,遂宁
25.19%,60岁及以上,
                    ,遂宁,
59.29%,15-59岁,遂宁
15.52%,0-14岁,遂宁
49.26,女,遂宁
50.74,男,遂宁
2814196,总人口,遂宁
红河,总人口,4478422
3503218,总人口,文山
2709378,总人口,包头市
4035967,总人口,赤峰市
25291,初中,通辽
40319,初中,通辽
13832,高中（含中专）,通辽
12983,大学（大专及以上）,通辽
9. 65,15岁以上受教育年限,通辽
18.70%,60岁及以上,
                    ,通辽,
66.79%,15-59岁,通辽
14.52%,0-14岁,通辽
49.56,女,通辽
50.44,男,通辽
2873168,总人口,通辽
29368,初中,乌兰察布
32374,初中,乌兰察布
12925,高中（含中专）,乌兰察布
14247,大学（大专及以上）,乌兰察布
9.03,15岁以上受教育年限,乌兰察布
29.95%,60岁及以上,
                    ,乌兰察布,
59.01%,15-59岁,乌兰察布
11.05%,0-14岁,乌兰察布
49.02,女,乌兰察布
50.98,男,乌兰察布
1706328,总人口,乌兰察布
乌海,总人口,556621
阿拉善盟,女,46.83
包头,0-14岁,13.11%
兴安盟,0-14岁,14.49%
巴彦淖尔,15-59岁,66.22%
巴彦淖尔,15岁以上受教育年限,9.63
鄂尔多斯,大学（大专及以上）,21267
通辽,高中（含中专）,13832
阿拉善盟,高中（含中专）,17458
呼和浩特,初中,27198
广元,总人口,2305657
南充,总人口,5607565
34095,初中,眉山
34277,初中,眉山
11957,高中（含中专）,眉山
9600,大学（大专及以上）,眉山
8.77,15岁以上受教育年限,眉山
24.73%,60岁及以上,
                    ,眉山,
61.26%,15-59岁,眉山
14.01%,0-14岁,眉山
50,女,眉山
50,男,眉山
2955219,总人口,眉山
37020,初中,宜宾
31749,初中,宜宾
12325,高中（含中专）,宜宾
9621,大学（大专及以上）,宜宾
8.94,15岁以上受教育年限,宜宾
20.57%,60岁及以上,
                    ,宜宾,
60.70%,15-59岁,宜宾
18.73%,0-14岁,宜宾
48.88,女,宜宾
51.12,男,宜宾
4588804,总人口,宜宾
鄂尔多斯,60岁及以上,
                    ,15.04%,
包头,大学（大专及以上）,23318
乌海,大学（大专及以上）,21862
呼和浩特,高中（含中专）,15675
呼伦贝尔,高中（含中专）,14839
赤峰,高中（含中专）,13844
乌海,初中,17623
21802,初中,成都
28324,初中,成都
16186,高中（含中专）,成都
25582,大学（大专及以上）,成都
10.85,15岁以上受教育年限,成都
17.98%,60岁及以上,
                    ,成都,
68.74%,15-59岁,成都
13.28%,0-14岁,成都
49.74,女,成都
50.26,男,成都
20937757,总人口,成都
33570,初中,自贡
34694,初中,自贡
12836,高中（含中专）,自贡
9484,大学（大专及以上）,自贡
8.87,15岁以上受教育年限,自贡
27.34%,60岁及以上,
                    ,自贡,
56.89%,15-59岁,自贡
15.77%,0-14岁,自贡
50.25,女,自贡
49.75,男,自贡
2489256,总人口,自贡
27624,初中,攀枝花
30775,初中,攀枝花
15078,高中（含中专）,攀枝花
15476,大学（大专及以上）,攀枝花
9.47,15岁以上受教育年限,攀枝花
19.76%,60岁及以上,
                    ,攀枝花,
66.24%,15-59岁,攀枝花
14.00%,0-14岁,攀枝花
48.33,女,攀枝花
51.67,男,攀枝花
1212203,总人口,攀枝花
遂宁,总人口,2814196
阿坝藏族羌族自治州,总人口,822587
黔南州,女,48.9
全省,女,48.9
攀枝花,女,48.33
自贡,0-14岁,15.77%
攀枝花,15-59岁,66.24%
攀枝花,60岁及以上,
                    ,19.76%,
泸州,大学（大专及以上）,8410
雅安,大学（大专及以上）,10649
资阳,大学（大专及以上）,6177
乌兰察布,大学（大专及以上）,14247
锡林郭勒盟,初中,32104
阿拉善盟,初中,28484
兴安盟,初中,30147
锡林郭勒盟,初中,24901
自贡,总人口,2489256
泸州,总人口,4254149
32568,初中,南充
33385,初中,南充
13348,高中（含中专）,南充
8825,大学（大专及以上）,南充
8.62,15岁以上受教育年限,南充
26.00%,60岁及以上,
                    ,南充,
58.28%,15-59岁,南充
15.72%,0-14岁,南充
49.32,女,南充
50.68,男,南充
5607565,总人口,南充
31762,初中,雅安
35654,初中,雅安
12131,高中（含中专）,雅安
10649,大学（大专及以上）,雅安
9.04,15岁以上受教育年限,雅安
21.45%,60岁及以上,
                    ,雅安,
63.16%,15-59岁,雅安
15.39%,0-14岁,雅安
49.4,女,雅安
50.6,男,雅安
1434603,总人口,雅安
巴中,总人口,2712894
甘孜藏族自治州,总人口,1107431
南充,0-14岁,15.72%
眉山,0-14岁,14.01%
成都,15-59岁,68.74%
乐山,15-59岁,61.39%
广安,15-59岁,57.65%
眉山,60岁及以上,
                    ,24.73%,
商洛,0-14岁,20.57%
宜宾,60岁及以上,
                    ,20.57%,
雅安,60岁及以上,
                    ,21.45%,
成都,15岁以上受教育年限,10.85
包头,高中（含中专）,17553
鄂尔多斯,高中（含中专）,13905
包头,初中,32485
呼伦贝尔,初中,41899
赤峰,初中,34208
乌兰察布,初中,32374
巴彦淖尔,初中,36263
37582,初中,泸州
31690,初中,泸州
12186,高中（含中专）,泸州
8410,大学（大专及以上）,泸州
8.65,15岁以上受教育年限,泸州
22.99%,60岁及以上,
                    ,泸州,
58.78%,15-59岁,泸州
18.23%,0-14岁,泸州
49.58,女,泸州
50.42,男,泸州
4254149,总人口,泸州
32326,初中,德阳
32693,初中,德阳
13114,高中（含中专）,德阳
11882,大学（大专及以上）,德阳
8.98,15岁以上受教育年限,德阳
25.81%,60岁及以上,
                    ,德阳,
61.13%,15-59岁,德阳
13.06%,0-14岁,德阳
49.74,女,德阳
50.26,男,德阳
3456161,总人口,德阳
30873,初中,绵阳
32089,初中,绵阳
13759,高中（含中专）,绵阳
12959,大学（大专及以上）,绵阳
9.17,15岁以上受教育年限,绵阳
23.71%,60岁及以上,
                    ,绵阳,
62.16%,15-59岁,绵阳
14.13%,0-14岁,绵阳
49.85,女,绵阳
50.15,男,绵阳
4868243,总人口,绵阳
34703,初中,乐山
32642,初中,乐山
12834,高中（含中专）,乐山
10584,大学（大专及以上）,乐山
8.93,15岁以上受教育年限,乐山
24.50%,60岁及以上,
                    ,乐山,
61.39%,15-59岁,乐山
14.11%,0-14岁,乐山
49.82,女,乐山
50.18,男,乐山
3160168,总人口,乐山
41783,初中,凉山彝族自治州
22732,初中,凉山彝族自治州
6861,高中（含中专）,凉山彝族自治州
6776,大学（大专及以上）,凉山彝族自治州
7.41,15岁以上受教育年限,凉山彝族自治州
12.44%,60岁及以上,
                    ,凉山彝族自治州,
59.92%,15-59岁,凉山彝族自治州
27.64%,0-14岁,凉山彝族自治州
48.86,女,凉山彝族自治州
51.14,男,凉山彝族自治州
4858359,总人口,凉山彝族自治州
内江,男,50.26
德阳,男,50.26
成都,男,50.26
眉山,女,50
眉山,男,50
内江,女,49.74
德阳,女,49.74
成都,女,49.74
阿坝藏族羌族自治州,女,48.17
乐山,0-14岁,14.11%
凉山彝族自治州,0-14岁,27.64%
内江,15-59岁,59.22%
南充,15-59岁,58.28%
乌海,高中（含中专）,17993
呼伦贝尔,初中,20275
赤峰,初中,29133
阿拉善盟,初中,18277
攀枝花,总人口,1212203
绵阳,总人口,4868243
眉山,总人口,2955219
达州,总人口,5385422
35685,初中,资阳
37083,初中,资阳
10195,高中（含中专）,资阳
6177,大学（大专及以上）,资阳
8.27,15岁以上受教育年限,资阳
28.19%,60岁及以上,
                    ,资阳,
55.06%,15-59岁,资阳
16.75%,0-14岁,资阳
49.52,女,资阳
50.48,男,资阳
2308631,总人口,资阳
38870,初中,甘孜藏族自治州
14603,初中,甘孜藏族自治州
7249,高中（含中专）,甘孜藏族自治州
10486,大学（大专及以上）,甘孜藏族自治州
6.89,15岁以上受教育年限,甘孜藏族自治州
11.36%,60岁及以上,
                    ,甘孜藏族自治州,
65.65%,15-59岁,甘孜藏族自治州
22.99%,0-14岁,甘孜藏族自治州
48.55,女,甘孜藏族自治州
51.45,男,甘孜藏族自治州
1107431,总人口,甘孜藏族自治州
攀枝花,男,51.67
自贡,女,50.25
南充,女,49.32
遂宁,0-14岁,15.52%
巴中,0-14岁,17.35%
广元,15-59岁,60.13%
遂宁,15-59岁,59.29%
达州,15-59岁,60.35%
乐山,60岁及以上,
                    ,24.50%,
广元,60岁及以上,
                    ,24.50%,
遂宁,60岁及以上,
                    ,25.19%,
33370,初中,内江
36909,初中,内江
12290,高中（含中专）,内江
8057,大学（大专及以上）,内江
8.72,15岁以上受教育年限,内江
25.23%,60岁及以上,
                    ,内江,
59.22%,15-59岁,内江
15.55%,0-14岁,内江
49.74,女,内江
50.26,男,内江
3140678,总人口,内江
宜宾,总人口,4588804
凉山彝族自治州,总人口,4858359
自贡,男,49.75
南充,男,50.68
达州,男,51.43
达州,女,48.57
攀枝花,0-14岁,14.00%
达州,0-14岁,17.29%
雅安,0-14岁,15.39%
自贡,15-59岁,56.89%
绵阳,15-59岁,62.16%
宜宾,15-59岁,60.70%
巴中,15-59岁,58.19%
阿坝藏族羌族自治州,15-59岁,66.80%
自贡,60岁及以上,
                    ,27.34%,
南充,60岁及以上,
                    ,26.00%,
凉山彝族自治州,60岁及以上,
                    ,12.44%,
凉山彝族自治州,15岁以上受教育年限,7.41
自贡,大学（大专及以上）,9484
乐山,总人口,3160168
广安,总人口,3254883
32018,初中,达州
38231,初中,达州
13781,高中（含中专）,达州
6920,大学（大专及以上）,达州
8.83,15岁以上受教育年限,达州
22.36%,60岁及以上,
                    ,达州,
60.35%,15-59岁,达州
17.29%,0-14岁,达州
48.57,女,达州
51.43,男,达州
5385422,总人口,达州
成都,0-14岁,13.28%
泸州,0-14岁,18.23%
昌吉回族自治州,60岁及以上,
                    ,15.55%,
内江,0-14岁,15.55%
宜宾,0-14岁,18.73%
广安,0-14岁,17.55%
德阳,15-59岁,61.13%
资阳,15-59岁,55.06%
内江,60岁及以上,
                    ,25.23%,
甘孜藏族自治州,60岁及以上,
                    ,11.36%,
9.24,15岁以上受教育年限,全  省
雅安,15岁以上受教育年限,9.04
泸州,高中（含中专）,12186
广元,高中（含中专）,13604
南充,高中（含中专）,13348
资阳,高中（含中专）,10195
成都,初中,28324
绵阳,初中,32089
36644,初中,广安
34110,初中,广安
12189,高中（含中专）,广安
6508,大学（大专及以上）,广安
8.48,15岁以上受教育年限,广安
24.80%,60岁及以上,
                    ,广安,
57.65%,15-59岁,广安
17.55%,0-14岁,广安
49.4,女,广安
50.6,男,广安
3254883,总人口,广安
雅安,总人口,1434603
32948,初中,巴中
32890,初中,巴中
15868,高中（含中专）,巴中
8615,大学（大专及以上）,巴中
9.01,15岁以上受教育年限,巴中
24.46%,60岁及以上,
                    ,巴中,
58.19%,15-59岁,巴中
17.35%,0-14岁,巴中
49.13,女,巴中
50.87,男,巴中
2712894,总人口,巴中
资阳,总人口,2308631
36097,初中,阿坝藏族羌族自治州
21614,初中,阿坝藏族羌族自治州
8261,高中（含中专）,阿坝藏族羌族自治州
13191,大学（大专及以上）,阿坝藏族羌族自治州
7.97,15岁以上受教育年限,阿坝藏族羌族自治州
14.33%,60岁及以上,
                    ,阿坝藏族羌族自治州,
66.80%,15-59岁,阿坝藏族羌族自治州
18.87%,0-14岁,阿坝藏族羌族自治州
48.17,女,阿坝藏族羌族自治州
51.83,男,阿坝藏族羌族自治州
822587,总人口,阿坝藏族羌族自治州
黔南州,男,51.1
全省,男,51.1
阿坝藏族羌族自治州,男,51.83
德阳,0-14岁,13.06%
绵阳,0-14岁,14.13%
广元,0-14岁,15.37%
阿坝藏族羌族自治州,0-14岁,18.87%
泸州,60岁及以上,
                    ,22.99%,
甘孜藏族自治州,0-14岁,22.99%
甘孜藏族自治州,15-59岁,65.65%
全省,60岁及以上,
                    ,21.71%,
成都,60岁及以上,
                    ,17.98%,
巴中,60岁及以上,
                    ,24.46%,
资阳,60岁及以上,
                    ,28.19%,
泸州,15岁以上受教育年限,8.65
达州,15岁以上受教育年限,8.83
资阳,15岁以上受教育年限,8.27
绵阳,60岁及以上,
                    ,23.71%,
广元,15岁以上受教育年限,8.7
甘孜藏族自治州,15岁以上受教育年限,6.89
广安,大学（大专及以上）,6508
阿坝藏族羌族自治州,大学（大专及以上）,13191
甘孜藏族自治州,高中（含中专）,7249
凉山彝族自治州,高中（含中专）,6861
自贡,初中,34694
攀枝花,初中,30775
眉山,初中,34277
资阳,初中,37083
凉山彝族自治州,初中,22732
成都,初中,21802
攀枝花,初中,27624
眉山,初中,34095
巴音郭楞蒙古自治州,总人口,1613979
9.41,15岁以上受教育年限,阿克苏地区
9.48%,60岁及以上,
                    ,阿克苏地区,
65.73%,15-59岁,阿克苏地区
24.80%,0-14岁,阿克苏地区
2714422,总人口,阿克苏地区
伊犁哈萨克自治州直属县,总人口,2848393
塔城地区,总人口,1138638
阿勒泰地区,总人口,668587
阿克苏地区,0-14岁,24.80%
广安,60岁及以上,
                    ,24.80%,
阿坝藏族羌族自治州,60岁及以上,
                    ,14.33%,
内江,15岁以上受教育年限,8.72
乐山,15岁以上受教育年限,8.93
南充,15岁以上受教育年限,8.62
宜宾,15岁以上受教育年限,8.94
德阳,大学（大专及以上）,11882
绵阳,大学（大专及以上）,12959
遂宁,大学（大专及以上）,7475
宜宾,大学（大专及以上）,9621
达州,大学（大专及以上）,6920
巴中,大学（大专及以上）,8615
甘孜藏族自治州,大学（大专及以上）,10486
攀枝花,高中（含中专）,15078
内江,高中（含中专）,12290
达州,高中（含中专）,13781
乐山,初中,32642
广安,初中,34110
阿坝藏族羌族自治州,初中,21614
甘孜藏族自治州,初中,14603
自贡,15岁以上受教育年限,8.87
眉山,15岁以上受教育年限,8.77
成都,大学（大专及以上）,25582
内江,大学（大专及以上）,8057
乐山,大学（大专及以上）,10584
南充,大学（大专及以上）,8825
凉山彝族自治州,大学（大专及以上）,6776
成都,高中（含中专）,16186
德阳,高中（含中专）,13114
眉山,高中（含中专）,11957
巴中,高中（含中专）,15868
泸州,初中,31690
广元,初中,29837
泸州,初中,37582
广元,初中,34743
乐山,初中,34703
达州,初中,32018
资阳,初中,35685
阿坝藏族羌族自治州,初中,36097
凉山彝族自治州,初中,41783
甘南州,15岁以上受教育年限,7.97
阿坝藏族羌族自治州,15岁以上受教育年限,7.97
攀枝花,大学（大专及以上）,15476
眉山,大学（大专及以上）,9600
广安,高中（含中专）,12189
德阳,初中,32693
自贡,初中,33570
绵阳,初中,30873
南充,初中,32568
广安,初中,36644
9.82,15岁以上受教育年限,吐鲁番
10.41%,60岁及以上,
                    ,吐鲁番,
67.27%,15-59岁,吐鲁番
22.32%,0-14岁,吐鲁番
693988,总人口,吐鲁番
10.36,15岁以上受教育年限,博尔塔拉蒙古自治州
13.78%,60岁及以上,
                    ,博尔塔拉蒙古自治州,
68.89%,15-59岁,博尔塔拉蒙古自治州
17.33%,0-14岁,博尔塔拉蒙古自治州
488198,总人口,博尔塔拉蒙古自治州
和田地区.,总人口,2504718
遵义,0-14岁,22.32%
吐鲁番,0-14岁,22.32%
和田地区.,0-14岁,34.34%
伊犁哈萨克自治州直属县,15-59岁,66.13%
克拉玛依,60岁及以上,
                    ,13.95%,
16612,初中,兰州
27113,初中,兰州
18718,高中（含中专）,兰州
28584,大学（大专及以上）,兰州
11.33,15岁以上受教育年限,兰州
16.56%,60岁及以上,
                    ,兰州,
69.24%,15-59岁,兰州
14.19%,0-14岁,兰州
48.62,女,兰州
51.38,男,兰州
4359446,总人口,兰州
23539,初中,金昌
29819,初中,金昌
16733,高中（含中专）,金昌
19408,大学（大专及以上）,金昌
10.05,15岁以上受教育年限,金昌
18.16%,60岁及以上,
                    ,金昌,
67.70%,15-59岁,金昌
14.14%,0-14岁,金昌
48.56,女,金昌
51.44,男,金昌
438026,总人口,金昌
23975,初中,酒泉
32013,初中,酒泉
15625,高中（含中专）,酒泉
17466,大学（大专及以上）,酒泉
9.88,15岁以上受教育年限,酒泉
16.84%,60岁及以上,
                    ,酒泉,
68.15%,15-59岁,酒泉
15.01%,0-14岁,酒泉
48.45,女,酒泉
51.55,男,酒泉
1055706,总人口,酒泉
41781,初中,临夏州
19020,初中,临夏州
7268,高中（含中专）,临夏州
6625,大学（大专及以上）,临夏州
7.17,15岁以上受教育年限,临夏州
13.58%,60岁及以上,
                    ,临夏州,
58.21%,15-59岁,临夏州
28.22%,0-14岁,临夏州
49.94,女,临夏州
50.06,男,临夏州
2109750,总人口,临夏州
广元,大学（大专及以上）,10242
遂宁,高中（含中专）,12933
乐山,高中（含中专）,12834
宜宾,高中（含中专）,12325
阿坝藏族羌族自治州,高中（含中专）,8261
宜宾,初中,31749
雅安,初中,35654
内江,初中,33370
宜宾,初中,37020
巴中,初中,32948
吐鲁番,总人口,693988
喀什地区,总人口,4496377
吐鲁番,15-59岁,67.27%
喀什地区,15-59岁,60.40%
塔城地区,15-59岁,68.35%
阿勒泰地区,15-59岁,67.87%
自治区直辖县级行政区划,15-59岁,71.31%
乌鲁木齐,60岁及以上,
                    ,13.25%,
乌鲁木齐,15岁以上受教育年限,11.57
巴音郭楞蒙古自治州,15岁以上受教育年限,10.32
自贡,高中（含中专）,12836
绵阳,高中（含中专）,13759
雅安,高中（含中专）,12131
遂宁,初中,35840
南充,初中,33385
达州,初中,38231
巴中,初中,32890
遂宁,初中,32847
雅安,初中,31762
甘孜藏族自治州,初中,38870
克拉玛依,总人口,490348
博尔塔拉蒙古自治州,总人口,488198
克孜勒苏柯尔克孜自治州,总人口,622222
自治区直辖县级行政区划,总人口,1231138
伊犁哈萨克自治州直属县,0-14岁,21.83%
巴音郭楞蒙古自治州,15-59岁,69.40%
克孜勒苏柯尔克孜自治州,15-59岁,61.61%
和田地区.,15-59岁,58.35%
喀什地区,60岁及以上,
                    ,8.50%,
嘉峪关,60岁及以上,
                    ,15.24%,
塔城地区,60岁及以上,
                    ,15.24%,
内江,初中,36909
10. 11,15岁以上受教育年限,全区
11.28%,60岁及以上,
                    ,全区,
66.26%,15-59岁,全区
22.46%,0-14岁,全区
25852345,总人口,全区
11.57,15岁以上受教育年限,乌鲁木齐
13.25%,60岁及以上,
                    ,乌鲁木齐,
72.19%,15-59岁,乌鲁木齐
14.56%,0-14岁,乌鲁木齐
4054369,总人口,乌鲁木齐
哈密,总人口,673383
10.32,15岁以上受教育年限,巴音郭楞蒙古自治州
11.93%,60岁及以上,
                    ,巴音郭楞蒙古自治州,
69.40%,15-59岁,巴音郭楞蒙古自治州
18.67%,0-14岁,巴音郭楞蒙古自治州
1613979,总人口,巴音郭楞蒙古自治州
9.83,15岁以上受教育年限,塔城地区
15.24%,60岁及以上,
                    ,塔城地区,
68.35%,15-59岁,塔城地区
16.41%,0-14岁,塔城地区
1138638,总人口,塔城地区
克拉玛依,0-14岁,14.44%
乌鲁木齐,15-59岁,72.19%
哈密,15-59岁,69.59%
博尔塔拉蒙古自治州,15-59岁,68.89%
16359,初中,嘉峪关
26829,初中,嘉峪关
20850,高中（含中专）,嘉峪关
27604,大学（大专及以上）,嘉峪关
11.59,15岁以上受教育年限,嘉峪关
15.24%,60岁及以上,
                    ,嘉峪关,
68.86%,15-59岁,嘉峪关
15.91%,0-14岁,嘉峪关
48.07,女,嘉峪关
51.93,男,嘉峪关
312663,总人口,嘉峪关
白银,总人口,1512110
31321,初中,平凉
27195,初中,平凉
12084,高中（含中专）,平凉
11998,大学（大专及以上）,平凉
8.57,15岁以上受教育年限,平凉
18.99%,60岁及以上,
                    ,平凉,
61.42%,15-59岁,平凉
19.59%,0-14岁,平凉
49.97,女,平凉
50.03,男,平凉
1848607,总人口,平凉
陇南,总人口,2407272
嘉峪关,男,51.93
金昌,女,48.56
天水,女,49.76
白银,0-14岁,18.90%
张掖,0-14岁,16.81%
定西,15-59岁,62.14%
德阳,初中,32326
11.7,15岁以上受教育年限,克拉玛依
13.95%,60岁及以上,
                    ,克拉玛依,
71.61%,15-59岁,克拉玛依
14.44%,0-14岁,克拉玛依
490348,总人口,克拉玛依
10. 69,15岁以上受教育年限,哈密
14.74%,60岁及以上,
                    ,哈密,
69.59%,15-59岁,哈密
15.67%,0-14岁,哈密
673383,总人口,哈密
10.22,15岁以上受教育年限,昌吉回族自治州
15.55%,60岁及以上,
                    ,昌吉回族自治州,
69.49%,15-59岁,昌吉回族自治州
14.96%,0-14岁,昌吉回族自治州
1613585,总人口,昌吉回族自治州
阿克苏地区,总人口,2714422
10.38,15岁以上受教育年限,阿勒泰地区
11.75%,60岁及以上,
                    ,阿勒泰地区,
67.87%,15-59岁,阿勒泰地区
20.38%,0-14岁,阿勒泰地区
668587,总人口,阿勒泰地区
昌吉回族自治州,0-14岁,14.96%
喀什地区,0-14岁,31.11%
和田地区.,60岁及以上,
                    ,7.31%,
兰州,总人口,4359446
天水,总人口,2984659
28547,初中,武威
31180,初中,武威
14194,高中（含中专）,武威
12628,大学（大专及以上）,武威
9.13,15岁以上受教育年限,武威
18.64%,60岁及以上,
                    ,武威,
63.72%,15-59岁,武威
17.64%,0-14岁,武威
49.47,女,武威
50.53,男,武威
1464955,总人口,武威
35892,初中,定西
26888,初中,定西
10541,高中（含中专）,定西
9996,大学（大专及以上）,定西
8.34,15岁以上受教育年限,定西
17.85%,60岁及以上,
                    ,定西,
62.14%,15-59岁,定西
20.01%,0-14岁,定西
49.38,女,定西
50.62,男,定西
2524097,总人口,定西
甘南州,总人口,691808
金昌,男,51.44
玉树州,男,50.79
甘南州,男,50.79
陇南,女,49
玉树州,女,49.21
甘南州,女,49.21
白银,15-59岁,62.07%
武威,15-59岁,63.72%
乌鲁木齐,总人口,4054369
昌吉回族自治州,总人口,1613585
9.8,15岁以上受教育年限,克孜勒苏柯尔克孜自治州
8.76%,60岁及以上,
                    ,克孜勒苏柯尔克孜自治州,
61.61%,15-59岁,克孜勒苏柯尔克孜自治州
29.63%,0-14岁,克孜勒苏柯尔克孜自治州
622222,总人口,克孜勒苏柯尔克孜自治州
9.3,15岁以上受教育年限,喀什地区
8.50%,60岁及以上,
                    ,喀什地区,
60.40%,15-59岁,喀什地区
31.11%,0-14岁,喀什地区
4496377,总人口,喀什地区
9.03,15岁以上受教育年限,和田地区.
7.31%,60岁及以上,
                    ,和田地区.,
58.35%,15-59岁,和田地区.
34.34%,0-14岁,和田地区.
2504718,总人口,和田地区.
9.85,15岁以上受教育年限,伊犁哈萨克自治州直属县
12.04%,60岁及以上,
                    ,伊犁哈萨克自治州直属县,
66.13%,15-59岁,伊犁哈萨克自治州直属县
21.83%,0-14岁,伊犁哈萨克自治州直属县
2848393,总人口,伊犁哈萨克自治州直属县
巴音郭楞蒙古自治州,0-14岁,18.67%
阿克苏地区,15-59岁,65.73%
全区,60岁及以上,
                    ,11.28%,
哈密,60岁及以上,
                    ,14.74%,
巴音郭楞蒙古自治州,60岁及以上,
                    ,11.93%,
阿克苏地区,60岁及以上,
                    ,9.48%,
克孜勒苏柯尔克孜自治州,60岁及以上,
                    ,8.76%,
伊犁哈萨克自治州直属县,60岁及以上,
                    ,12.04%,
克拉玛依,15岁以上受教育年限,11.7
嘉峪关,总人口,312663
张掖,总人口,1131016
平凉,总人口,1848607
32607,初中,庆阳
31139,初中,庆阳
11883,高中（含中专）,庆阳
10338,大学（大专及以上）,庆阳
8.88,15岁以上受教育年限,庆阳
18.03%,60岁及以上,
                    ,庆阳,
60.19%,15-59岁,庆阳
21.78%,0-14岁,庆阳
49.06,女,庆阳
50.94,男,庆阳
2179716,总人口,庆阳
天水,0-14岁,20.78%
10.34,15岁以上受教育年限,自治区直辖县级行政区划
12.78%,60岁及以上,
                    ,自治区直辖县级行政区划,
71.31%,15-59岁,自治区直辖县级行政区划
15.91%,0-14岁,自治区直辖县级行政区划
1231138,总人口,自治区直辖县级行政区划
乌鲁木齐,0-14岁,14.56%
哈密,0-14岁,15.67%
克孜勒苏柯尔克孜自治州,0-14岁,29.63%
克拉玛依,15-59岁,71.61%
吐鲁番,60岁及以上,
                    ,10.41%,
博尔塔拉蒙古自治州,60岁及以上,
                    ,13.78%,
天水,男,50.24
庆阳,0-14岁,21.78%
天水,60岁及以上,
                    ,17.00%,
武威,15岁以上受教育年限,9.13
全省,15岁以上受教育年限,9.13
金昌,大学（大专及以上）,19408
武威,大学（大专及以上）,12628
张掖,大学（大专及以上）,14538
甘南州,大学（大专及以上）,14517
兰州,初中,27113
金昌,初中,29819
平凉,初中,27195
甘南州,初中,14092
兰州,初中,16612
阿勒泰地区,60岁及以上,
                    ,11.75%,
自治区直辖县级行政区划,60岁及以上,
                    ,12.78%,
全区,15岁以上受教育年限,10. 11
张掖,15岁以上受教育年限,9.41
阿克苏地区,15岁以上受教育年限,9.41
克孜勒苏柯尔克孜自治州,15岁以上受教育年限,9.8
32187,初中,天水
29636,初中,天水
11758,高中（含中专）,天水
10462,大学（大专及以上）,天水
8.6,15岁以上受教育年限,天水
17.00%,60岁及以上,
                    ,天水,
62.22%,15-59岁,天水
20.78%,0-14岁,天水
49.76,女,天水
50.24,男,天水
2984659,总人口,天水
酒泉,总人口,1055706
定西,总人口,2524097
陇南,男,51
武威,0-14岁,17.64%
酒泉,0-14岁,15.01%
临夏州,0-14岁,28.22%
金昌,60岁及以上,
                    ,18.16%,
酒泉,15岁以上受教育年限,9.88
定西,15岁以上受教育年限,8.34
嘉峪关,高中（含中专）,20850
金昌,高中（含中专）,16733
酒泉,高中（含中专）,15625
嘉峪关,初中,26829
定西,初中,26888
塔城地区,15岁以上受教育年限,9.83
金昌,总人口,438026
28726,初中,白银
29679,初中,白银
15003,高中（含中专）,白银
14769,大学（大专及以上）,白银
9.61,15岁以上受教育年限,白银
19.03%,60岁及以上,
                    ,白银,
62.07%,15-59岁,白银
18.90%,0-14岁,白银
49.02,女,白银
50.98,男,白银
1512110,总人口,白银
武威,总人口,1464955
29465,初中,张掖
31051,初中,张掖
13588,高中（含中专）,张掖
14538,大学（大专及以上）,张掖
9.41,15岁以上受教育年限,张掖
17.94%,60岁及以上,
                    ,张掖,
65.26%,15-59岁,张掖
16.81%,0-14岁,张掖
49.56,女,张掖
50.44,男,张掖
1131016,总人口,张掖
庆阳,总人口,2179716
33276,初中,陇南
26029,初中,陇南
9351,高中（含中专）,陇南
8429,大学（大专及以上）,陇南
7.55,15岁以上受教育年限,陇南
16.41%,60岁及以上,
                    ,陇南,
62.06%,15-59岁,陇南
21.53%,0-14岁,陇南
49,女,陇南
51,男,陇南
2407272,总人口,陇南
临夏州,总人口,2109750
嘉峪关,女,48.07
金昌,0-14岁,14.14%
兰州,15-59岁,69.24%
陇南,15-59岁,62.06%
临夏州,15-59岁,58.21%
兰州,60岁及以上,
                    ,16.56%,
武威,60岁及以上,
                    ,18.64%,
酒泉,60岁及以上,
                    ,16.84%,
甘南州,60岁及以上,
                    ,12.54%,
兰州,15岁以上受教育年限,11.33
白银,15岁以上受教育年限,9.61
43602,初中,甘南州
14092,初中,甘南州
7394,高中（含中专）,甘南州
14517,大学（大专及以上）,甘南州
7.97,15岁以上受教育年限,甘南州
12.54%,60岁及以上,
                    ,甘南州,
65.10%,15-59岁,甘南州
22.36%,0-14岁,甘南州
49.21,女,甘南州
50.79,男,甘南州
691808,总人口,甘南州
兰州,0-14岁,14.19%
平凉,0-14岁,19.59%
嘉峪关,15-59岁,68.86%
金昌,15-59岁,67.70%
平凉,15-59岁,61.42%
甘南州,15-59岁,65.10%
全省,60岁及以上,
                    ,17.03%,
张掖,60岁及以上,
                    ,17.94%,
天水,15岁以上受教育年限,8.6
平凉,15岁以上受教育年限,8.57
兰州,大学（大专及以上）,28584
定西,大学（大专及以上）,9996
庆阳,初中,31139
陇南,初中,26029
白银,初中,28726
定西,初中,35892
临夏州,初中,41781
铜仁,总人口,3298468
36285,初中,黔西南州
29628,初中,黔西南州
8492,高中（含中专）,黔西南州
8819,大学（大专及以上）,黔西南州
8.37,15岁以上受教育年限,黔西南州
14.71%,60岁及以上,
                    ,黔西南州,
59.56%,15-59岁,黔西南州
25.73%,0-14岁,黔西南州
48.97,女,黔西南州
51.03,男,黔西南州
3015112,总人口,黔西南州
陇南,0-14岁,21.53%
张掖,15-59岁,65.26%
定西,60岁及以上,
                    ,17.85%,
嘉峪关,15岁以上受教育年限,11.59
嘉峪关,大学（大专及以上）,27604
白银,大学（大专及以上）,14769
天水,大学（大专及以上）,10462
兰州,高中（含中专）,18718
白银,高中（含中专）,15003
天水,高中（含中专）,11758
定西,高中（含中专）,10541
陇南,高中（含中专）,9351
甘南州,高中（含中专）,7394
张掖,初中,31051
酒泉,初中,32013
嘉峪关,初中,16359
张掖,初中,29465
毕节,总人口,6899636
六盘水,总人口,3031602
贵阳,男,51.13
酒泉,15-59岁,68.15%
陇南,15岁以上受教育年限,7.55
平凉,大学（大专及以上）,11998
临夏州,高中（含中专）,7268
武威,初中,31180
天水,初中,32187
甘南州,初中,43602
遵义,总人口,6606675
33432,初中,黔南州
30363,初中,黔南州
8947,高中（含中专）,黔南州
10400,大学（大专及以上）,黔南州
8.55,15岁以上受教育年限,黔南州
16.76%,60岁及以上,
                    ,黔南州,
60.30%,15-59岁,黔南州
22.94%,0-14岁,黔南州
48.9,女,黔南州
51.1,男,黔南州
3494385,总人口,黔南州
铜仁,男,50.81
黔西南州,男,51.03
安顺,女,48.89
黔西南州,15岁以上受教育年限,8.37
黔南州,高中（含中专）,8947
黔东南州,初中,29154
黔南州,初中,30363
六盘水,初中,29684
黔南州,初中,33432
铜仁,初中,32851
咸阳,总人口,3959842
临夏州,60岁及以上,
                    ,13.58%,
金昌,15岁以上受教育年限,10.05
临夏州,15岁以上受教育年限,7.17
酒泉,大学（大专及以上）,17466
陇南,大学（大专及以上）,8429
临夏州,大学（大专及以上）,6625
武威,高中（含中专）,14194
张掖,高中（含中专）,13588
平凉,高中（含中专）,12084
庆阳,高中（含中专）,11883
白银,初中,29679
天水,初中,29636
酒泉,初中,23975
陇南,初中,33276
31403,初中,遵义
34849,初中,遵义
10082,高中（含中专）,遵义
9343,大学（大专及以上）,遵义
8.81,15岁以上受教育年限,遵义
17.05%,60岁及以上,
                    ,遵义,
60.63%,15-59岁,遵义
22.32%,0-14岁,遵义
49.42,女,遵义
50.58,男,遵义
6606675,总人口,遵义
贵阳,总人口,5987018
33855,初中,黔东南州
29154,初中,黔东南州
9259,高中（含中专）,黔东南州
8889,大学（大专及以上）,黔东南州
8.24,15岁以上受教育年限,黔东南州
17.09%,60岁及以上,
                    ,黔东南州,
58.38%,15-59岁,黔东南州
24.52%,0-14岁,黔东南州
48.42,女,黔东南州
51.58,男,黔东南州
3758622,总人口,黔东南州
黔西南州,总人口,3015112
安顺,总人口,2470630
铜仁,女,49.91
临夏州,初中,19020
武威,初中,28547
21828,初中,贵阳
29012,初中,贵阳
14728,高中（含中专）,贵阳
23440,大学（大专及以上）,贵阳
10.76,15岁以上受教育年限,贵阳
13.30%,60岁及以上,
                    ,贵阳,
68.14%,15-59岁,贵阳
18.56%,0-14岁,贵阳
48.87,女,贵阳
51.13,男,贵阳
5987018,总人口,贵阳
毕节,男,51.37
毕节,女,48.63
毕节,0-14岁,28.33%
黔南州,15-59岁,60.30%
黔西南州,15-59岁,59.56%
安顺,15-59岁,58.97%
贵阳,60岁及以上,
                    ,13.30%,
安顺,60岁及以上,
                    ,15.90%,
贵阳,大学（大专及以上）,23440
黔西南州,大学（大专及以上）,8819
黔东南州,高中（含中专）,9259
遵义,初中,31403
黔东南州,初中,33855
黔西南州,初中,36285
21118,初中,咸阳
39850,初中,咸阳
16039,高中（含中专）,咸阳
13064,大学（大专及以上）,咸阳
9.86,15岁以上受教育年限,咸阳
21.50%,60岁及以上,
                    ,咸阳,
61.07%,15-59岁,咸阳
17.43%,0-14岁,咸阳
49.15,女,咸阳
50.85,男,咸阳
3959842,总人口,咸阳
29027,初中,榆林
28421,初中,榆林
11921,高中（含中专）,榆林
15154,大学（大专及以上）,榆林
9.3,15岁以上受教育年限,榆林
16.39%,60岁及以上,
                    ,榆林,
62.20%,15-59岁,榆林
21.41%,0-14岁,榆林
47.06,女,榆林
52.94,男,榆林
3624750,总人口,榆林
西安,男,51.07
金昌,初中,23539
平凉,初中,31321
庆阳,初中,32607
36116,初中,毕节
28244,初中,毕节
7794,高中（含中专）,毕节
6473,大学（大专及以上）,毕节
7.71,15岁以上受教育年限,毕节
13.84%,60岁及以上,
                    ,毕节,
57.84%,15-59岁,毕节
28.33%,0-14岁,毕节
48.63,女,毕节
51.37,男,毕节
6899636,总人口,毕节
黔东南州,总人口,3758622
黔南州,总人口,3494385
32851,初中,铜仁
30952,初中,铜仁
10680,高中（含中专）,铜仁
9680,大学（大专及以上）,铜仁
8.64,15岁以上受教育年限,铜仁
17.56%,60岁及以上,
                    ,铜仁,
5864.00%,15-59岁,铜仁
23.81%,0-14岁,铜仁
49.91,女,铜仁
50.81,男,铜仁
3298468,总人口,铜仁
33148,初中,六盘水
29684,初中,六盘水
9055,高中（含中专）,六盘水
8719,大学（大专及以上）,六盘水
8.38,15岁以上受教育年限,六盘水
13.52%,60岁及以上,
                    ,六盘水,
60.18%,15-59岁,六盘水
26.29%,0-14岁,六盘水
48.66,女,六盘水
51.34,男,六盘水
3031602,总人口,六盘水
安顺,男,51.11
六盘水,女,48.66
铜仁,0-14岁,23.81%
黔东南州,60岁及以上,
                    ,17.09%,
铜仁,60岁及以上,
                    ,17.56%,
黔西南州,60岁及以上,
                    ,14.71%,
毕节,15岁以上受教育年限,7.71
黔南州,15岁以上受教育年限,8.55
安顺,15岁以上受教育年限,8.23
安顺,大学（大专及以上）,8459
毕节,高中（含中专）,7794
铜仁,高中（含中专）,10680
32891,初中,安顺
31919,初中,安顺
8432,高中（含中专）,安顺
8459,大学（大专及以上）,安顺
8.23,15岁以上受教育年限,安顺
15.90%,60岁及以上,
                    ,安顺,
58.97%,15-59岁,安顺
25.12%,0-14岁,安顺
48.89,女,安顺
51.11,男,安顺
2470630,总人口,安顺
黔西南州,女,48.97
黔东南州,0-14岁,24.52%
黔西南州,0-14岁,25.73%
毕节,15-59岁,57.84%
铜仁,15-59岁,5864.00%
六盘水,15-59岁,60.18%
全省,60岁及以上,
                    ,15.38%,
六盘水,60岁及以上,
                    ,13.52%,
黔东南州,15岁以上受教育年限,8.24
铜仁,15岁以上受教育年限,8.64
黔南州,大学（大专及以上）,10400
贵阳,高中（含中专）,14728
六盘水,高中（含中专）,9055
黔西南州,初中,29628
安顺,初中,32891
西安,总人口,12952907
宝鸡,总人口,3321853
延安,总人口,2282581
延安,男,52.25
六盘水,男,51.34
贵阳,女,48.87
贵阳,15-59岁,68.14%
黔东南州,15-59岁,58.38%
全省,15岁以上受教育年限,8.75
贵阳,15岁以上受教育年限,10.76
遵义,大学（大专及以上）,9343
铜仁,大学（大专及以上）,9680
六盘水,大学（大专及以上）,8719
遵义,高中（含中专）,10082
毕节,初中,28244
遵义,初中,34849
贵阳,初中,29012
毕节,初中,36116
六盘水,初中,33148
19233,初中,铜川
39239,初中,铜川
17928,高中（含中专）,铜川
14207,大学（大专及以上）,铜川
10.02,15岁以上受教育年限,铜川
21.63%,60岁及以上,
                    ,铜川,
63.46%,15-59岁,铜川
14.90%,0-14岁,铜川
49.11,女,铜川
50.89,男,铜川
698322,总人口,铜川
29595,初中,延安
32131,初中,延安
13495,高中（含中专）,延安
14014,大学（大专及以上）,延安
9.64,15岁以上受教育年限,延安
15.57%,60岁及以上,
                    ,延安,
63.34%,15-59岁,延安
21.09%,0-14岁,延安
47.75,女,延安
52.25,男,延安
2282581,总人口,延安
榆林,总人口,3624750
商洛,总人口,2041231
15754,初中,杨凌
27729,初中,杨凌
15234,高中（含中专）,杨凌
32680,大学（大专及以上）,杨凌
11.81,15岁以上受教育年限,杨凌
14.34%,60岁及以上,
                    ,杨凌,
68.77%,15-59岁,杨凌
16.89%,0-14岁,杨凌
48.67,女,杨凌
51.33,男,杨凌
253871,总人口,杨凌
贵阳,0-14岁,18.56%
黔南州,0-14岁,22.94%
六盘水,0-14岁,26.29%
遵义,15-59岁,60.63%
毕节,60岁及以上,
                    ,13.84%,
遵义,60岁及以上,
                    ,17.05%,
毕节,大学（大专及以上）,6473
黔东南州,大学（大专及以上）,8889
铜仁,初中,30952
贵阳,初中,21828
铜川,总人口,698322
21687,初中,渭南
43513,初中,渭南
15213,高中（含中专）,渭南
10523,大学（大专及以上）,渭南
9.67,15岁以上受教育年限,渭南
22.90%,60岁及以上,
                    ,渭南,
60.27%,15-59岁,渭南
16.83%,0-14岁,渭南
49.77,女,渭南
50.23,男,渭南
4688744,总人口,渭南
安康,总人口,2493436
30250,初中,商洛
37887,初中,商洛
10651,高中（含中专）,商洛
8914,大学（大专及以上）,商洛
8.91,15岁以上受教育年限,商洛
19.45%,60岁及以上,
                    ,商洛,
59.97%,15-59岁,商洛
20.57%,0-14岁,商洛
48.64,女,商洛
51.36,男,商洛
2041231,总人口,商洛
杨凌,男,51.33
全省,女,48.83
铜川,女,49.11
渭南,0-14岁,16.83%
汉中,0-14岁,16.08%
安康,0-14岁,18.95%
黔西南州,高中（含中专）,8492
安顺,高中（含中专）,8432
安顺,初中,31919
13535,初中,西安
28727,初中,西安
18563,高中（含中专）,西安
30999,大学（大专及以上）,西安
11.85,15岁以上受教育年限,西安
16.02%,60岁及以上,
                    ,西安,
68.33%,15-59岁,西安
15.65%,0-14岁,西安
48.93,女,西安
51.07,男,西安
12952907,总人口,西安
22207,初中,宝鸡
37827,初中,宝鸡
16511,高中（含中专）,宝鸡
13799,大学（大专及以上）,宝鸡
9.86,15岁以上受教育年限,宝鸡
22.66%,60岁及以上,
                    ,宝鸡,
61.30%,15-59岁,宝鸡
16.04%,0-14岁,宝鸡
49.29,女,宝鸡
50.71,男,宝鸡
3321853,总人口,宝鸡
汉中,总人口,3211462
33834,初中,安康
31557,初中,安康
11271,高中（含中专）,安康
9064,大学（大专及以上）,安康
8.48,15岁以上受教育年限,安康
20.98%,60岁及以上,
                    ,安康,
60.07%,15-59岁,安康
18.95%,0-14岁,安康
48.16,女,安康
51.84,男,安康
2493436,总人口,安康
铜川,男,50.89
宝鸡,0-14岁,16.04%
延安,15-59岁,63.34%
商洛,60岁及以上,
                    ,19.45%,
铜川,高中（含中专）,17928
商洛,初中,37887
杨凌,初中,27729
西安,初中,13535
榆林,初中,29027
西宁,总人口,2467965
4052,初中,海北州
1988,初中,海北州
777,高中（含中专）,海北州
1100,大学（大专及以上）,海北州
7.68,15岁以上受教育年限,海北州
49.02,女,海北州
50.98,男,海北州
265322,总人口,海北州
2890,初中,海西州
2553,初中,海西州
1297,高中（含中专）,海西州
1831,大学（大专及以上）,海西州
9.59,15岁以上受教育年限,海西州
45.26,女,海西州
54.74,男,海西州
468216,总人口,海西州
海西州,总人口,468216
渭南,总人口,4688744
26940,初中,汉中
36361,初中,汉中
14181,高中（含中专）,汉中
10226,大学（大专及以上）,汉中
9.02,15岁以上受教育年限,汉中
24.31%,60岁及以上,
                    ,汉中,
59.61%,15-59岁,汉中
16.08%,0-14岁,汉中
49.56,女,汉中
50.44,男,汉中
3211462,总人口,汉中
杨凌,总人口,253871
榆林,女,47.06
安康,女,48.16
汉中,15-59岁,59.61%
西安,60岁及以上,
                    ,16.02%,
宝鸡,60岁及以上,
                    ,22.66%,
西安,15岁以上受教育年限,11.85
延安,大学（大专及以上）,14014
咸阳,高中（含中专）,16039
渭南,高中（含中专）,15213
渭南,初中,43513
延安,初中,32131
安康,初中,31557
咸阳,初中,21118
商洛,初中,30250
3857,初中,海南州
2247,初中,海南州
927,高中（含中专）,海南州
1008,大学（大专及以上）,海南州
8.13,15岁以上受教育年限,海南州
49.48,女,海南州
50.52,男,海南州
446996,总人口,海南州
果洛州,总人口,215573
全省,男,51.21
全省,男,51.17
榆林,男,52.94
安康,男,51.84
延安,女,47.75
延安,0-14岁,21.09%
榆林,0-14岁,21.41%
咸阳,15-59岁,61.07%
渭南,15-59岁,60.27%
安康,15-59岁,60.07%
铜川,60岁及以上,
                    ,21.63%,
渭南,60岁及以上,
                    ,22.90%,
杨凌,60岁及以上,
                    ,14.34%,
咸阳,15岁以上受教育年限,9.86
宝鸡,15岁以上受教育年限,9.86
铜川,大学（大专及以上）,14207
咸阳,大学（大专及以上）,13064
杨凌,大学（大专及以上）,32680
宝鸡,初中,22207
延安,初中,29595
海东,总人口,1358471
海北州,总人口,265322
西安,女,48.93
杨凌,女,48.67
西安,0-14岁,15.65%
铜川,0-14岁,14.90%
全省,60岁及以上,
                    ,19.20%,
延安,60岁及以上,
                    ,15.57%,
榆林,60岁及以上,
                    ,16.39%,
安康,大学（大专及以上）,9064
榆林,高中（含中专）,11921
杨凌,高中（含中专）,15234
西安,初中,28727
宝鸡,初中,37827
咸阳,初中,39850
杨凌,0-14岁,16.89%
西安,15-59岁,68.33%
商洛,15-59岁,59.97%
杨凌,15-59岁,68.77%
汉中,60岁及以上,
                    ,24.31%,
汉中,15岁以上受教育年限,9.02
汉中,大学（大专及以上）,10226
榆林,大学（大专及以上）,15154
汉中,高中（含中专）,14181
安康,高中（含中专）,11271
铜川,初中,39239
汉中,初中,36361
铜川,初中,19233
渭南,初中,21687
安康,初中,33834
3696,初中,海东
2539,初中,海东
808,高中（含中专）,海东
864,大学（大专及以上）,海东
7.69,15岁以上受教育年限,海东
49.06,女,海东
50.94,男,海东
1358471,总人口,海东
4601,初中,黄南州
1156,初中,黄南州
718,高中（含中专）,黄南州
1024,大学（大专及以上）,黄南州
7.28,15岁以上受教育年限,黄南州
49.49,女,黄南州
50.51,男,黄南州
276215,总人口,黄南州
5165,初中,果洛州
1212,初中,果洛州
547,高中（含中专）,果洛州
876,大学（大专及以上）,果洛州
7.35,15岁以上受教育年限,果洛州
48.82,女,果洛州
52.18,男,果洛州
215573,总人口,果洛州
全省,女,48.79
果 洛 州,0-14岁,29.69%
宝鸡,15-59岁,61.30%
全省,15岁以上受教育年限,10.26
渭南,15岁以上受教育年限,9.67
西安,大学（大专及以上）,30999
宝鸡,大学（大专及以上）,13799
渭南,大学（大专及以上）,10523
商洛,大学（大专及以上）,8914
西安,高中（含中专）,18563
宝鸡,高中（含中专）,16511
延安,高中（含中专）,13495
商洛,高中（含中专）,10651
榆林,初中,28421
2386,初中,西宁
2935,初中,西宁
1375,高中（含中专）,西宁
2141,大学（大专及以上）,西宁
10.2,15岁以上受教育年限,西宁
49.09,女,西宁
50.91,男,西宁
2467965,总人口,西宁
果洛州,男,52.18
海西州,男,54.74
果洛州,女,48.82
9.55%,60岁及以上,
                    ,海 南 州,
66.20%,15-59岁,海 南 州
24.25%,0-14岁,海 南 州
7.14%,60岁及以上,
                    ,海 西 州,
74.21%,15-59岁,海 西 州
18.65%,0-14岁,海 西 州
全  省,高中（含中专）,1057
海南州,高中（含中专）,927
黄南州,总人口,276215
海南州,总人口,446996
4564,初中,玉树州
990,初中,玉树州
530,高中（含中专）,玉树州
676,大学（大专及以上）,玉树州
6.1,15岁以上受教育年限,玉树州
49.21,女,玉树州
50.79,男,玉树州
425199,总人口,玉树州
玉树州,总人口,425199
西宁,男,50.91
海西州,女,45.26
西 宁 ,0-14岁,16.36%
14.18%,60岁及以上,
                    ,海 东 ,
63.04%,15-59岁,海 东 
22.78%,0-14岁,海 东 
6.43%,60岁及以上,
                    ,果 洛 州,
63.88%,15-59岁,果 洛 州
29.69%,0-14岁,果 洛 州
7.45%,60岁及以上,
                    ,玉 树 州,
61.20%,15-59岁,玉 树 州
31.35%,0-14岁,玉 树 州
海 西 州,15-59岁,74.21%
全省,60岁及以上,
                    ,12.15%,
海东,15岁以上受教育年限,7.69
玉树州,15岁以上受教育年限,6.1
黄南州,高中（含中专）,718
果洛州,高中（含中专）,547
玉树州,高中（含中专）,530
海西州,高中（含中专）,1297
西宁,初中,2935
黄南州,初中,1156
西宁,女,49.09
海 东 ,0-14岁,22.78%
海 北 州,15-59岁,69.34%
黄 南 州,60岁及以上,
                    ,8.34%,
海 南 州,60岁及以上,
                    ,9.55%,
海 西 州,60岁及以上,
                    ,7.14%,
西宁,15岁以上受教育年限,10.2
全  省,大学（大专及以上）,1488
黄南州,大学（大专及以上）,1024
玉树州,大学（大专及以上）,676
西宁,高中（含中专）,1375
黄南州,初中,4601
景德镇,总人口,1618979
鹰潭,总人口,1154223
14.35%,60岁及以上,
                    ,西 宁 ,
69.29%,15-59岁,西 宁 
16.36%,0-14岁,西 宁 
10.48%,60岁及以上,
                    ,海 北 州,
69.34%,15-59岁,海 北 州
20.18%,0-14岁,海 北 州
8.34%,60岁及以上,
                    ,黄 南 州,
65.12%,15-59岁,黄 南 州
26.54%,0-14岁,黄 南 州
海 南 州,0-14岁,24.25%
海 南 州,15-59岁,66.20%
玉 树 州,15-59岁,61.20%
西宁,大学（大专及以上）,2141
海南州,大学（大专及以上）,1008
海南州,初中,3857
玉树州,初中,4564
海 北 州,0-14岁,20.18%
黄 南 州,0-14岁,26.54%
玉 树 州,0-14岁,31.35%
西 宁 ,15-59岁,69.29%
海 东 ,60岁及以上,
                    ,14.18%,
海 北 州,60岁及以上,
                    ,10.48%,
玉 树 州,60岁及以上,
                    ,7.45%,
海南州,15岁以上受教育年限,8.13
海北州,大学（大专及以上）,1100
海东,高中（含中专）,808
海北州,高中（含中专）,777
海东,初中,2539
海西州,初中,2553
全  省,初中,3273
海东,初中,3696
赣州,总人口,8970014
抚州,总人口,3614866
海 西 州,0-14岁,18.65%
海 东 ,15-59岁,63.04%
黄 南 州,15-59岁,65.12%
果 洛 州,15-59岁,63.88%
果 洛 州,60岁及以上,
                    ,6.43%,
全  省,15岁以上受教育年限,8.85
海北州,15岁以上受教育年限,7.68
黄南州,15岁以上受教育年限,7.28
果洛州,15岁以上受教育年限,7.35
海东,大学（大专及以上）,864
果洛州,大学（大专及以上）,876
海西州,大学（大专及以上）,1831
全  省,初中,2434
海北州,初中,1988
海南州,初中,2247
玉树州,初中,990
海北州,初中,4052
南昌,总人口,6255007
九江,总人口,4600276
上饶,总人口,6491088
果洛州,初中,1212
果洛州,初中,5165
海西州,初中,2890
新余,总人口,1202499
吉安,总人口,4469176
西宁,初中,2386
萍乡,总人口,1804805
宜春,总人口,5007702
